Date,Adj Close,Rets,Adjusted Returns,Returns,,,,,,
2017-01-01,992.95,,,,,,,,Data,
2017-01-02,1011.45,1.86%,35.31%,1.423486257,,,,,Mean,0.002738743
2017-01-03,1020.67,0.91%,14.17%,1.152212951,,,,,STDEV,0.045007658
2017-01-04,1130.30,10.74%,232.56%,10.23311035,,,,,Min,-3.547040965
2017-01-05,1007.00,-10.91%,-248.46%,0.083361115,,,,,Max,5.983005238
2017-01-06,895.71,-11.05%,-251.64%,0.080753627,,,,,Bucketwidth,0.095300462
2017-01-07,909.00,1.48%,26.88%,1.308410587,,,,,Count,817
2017-01-08,923.33,1.58%,28.94%,1.335644185,,,,,,
2017-01-09,902.66,-2.24%,-55.82%,0.572214888,,,,,,
2017-01-10,907.00,0.48%,4.60%,1.047049203,,,,,,
2017-01-11,795.77,-12.26%,-278.56%,0.061691416,,,,,,
2017-01-12,812.25,2.07%,39.93%,1.490754305,,,,,Normal,Bond Returns Added
2017-01-13,831.42,2.36%,46.35%,1.589674418,,,,,0.39894228,0.414899972
2017-01-14,828.00,-0.41%,-15.22%,0.858777917,,,,,0.39894228,0.418889394
2017-01-15,833.31,0.64%,8.16%,1.085062106,,,,,0.39894228,0.418889394
2017-01-16,834.41,0.13%,-3.15%,0.968970182,,,,,0.39894228,0.418889394
2017-01-17,906.00,8.58%,184.54%,6.330810869,,,,,0.39894228,0.418889394
2017-01-18,887.99,-1.99%,-50.25%,0.605003024,,,,,0.39894228,0.418889394
2017-01-19,902.92,1.68%,31.27%,1.367130005,,,,,0.39894228,0.418889394
2017-01-20,894.31,-0.95%,-27.27%,0.761306208,,,,,0.39894228,0.418889394
2017-01-21,925.06,3.44%,70.31%,2.020024004,,,,,0.39894228,0.418889394
2017-01-22,931.22,0.67%,8.71%,1.09100862,,,,,0.39894228,0.418889394
2017-01-23,910.70,-2.20%,-55.04%,0.576691689,,,,,0.39894228,0.418889394
2017-01-24,887.00,-2.60%,-63.91%,0.527787293,,,,,0.39894228,0.418889394
2017-01-25,896.00,1.01%,16.46%,1.178909873,,,,,0.39894228,0.418889394
2017-01-26,917.02,2.35%,46.04%,1.584691987,,,,,0.39894228,0.418889394
2017-01-27,922.63,0.61%,7.51%,1.07796377,,,,,0.39894228,0.418889394
2017-01-28,924.98,0.25%,-0.43%,0.9957503,,,,,0.39894228,0.418889394
2017-01-29,916.54,-0.91%,-26.36%,0.768293659,,,,,0.39894228,0.418889394
2017-01-30,923.23,0.73%,10.13%,1.10663738,,,,,0.39894228,0.418889394
2017-01-31,970.01,5.07%,106.50%,2.900712126,,,,,0.39894228,0.418889394
2017-02-01,992.75,2.34%,46.00%,1.584101842,,,,,0.39894228,0.418889394
2017-02-02,1008.38,1.57%,28.90%,1.335038001,,,,,0.39894228,0.418889394
2017-02-03,1018.00,0.95%,15.11%,1.163129867,,,,,0.39894228,0.418889394
2017-02-04,1035.54,1.72%,32.20%,1.379843493,,,,,0.39894228,0.418889394
2017-02-05,1016.32,-1.86%,-47.32%,0.622984916,,,,,0.39894228,0.418889394
2017-02-06,1022.58,0.62%,7.60%,1.078966222,,,,,0.39894228,0.418889394
2017-02-07,1053.96,3.07%,62.10%,1.860729476,,,,,0.39894228,0.418889394
2017-02-08,1056.70,0.26%,-0.31%,0.996915869,,,,,0.39894228,0.418889394
2017-02-09,994.24,-5.91%,-137.42%,0.253054514,,,,,0.39894228,0.418889394
2017-02-10,1001.99,0.78%,11.23%,1.1188931,,,,,0.39894228,0.418889394
2017-02-11,1018.65,1.66%,30.86%,1.361481537,,,,,0.39894228,0.418889394
2017-02-12,1010.00,-0.85%,-24.95%,0.779173599,,,,,0.39894228,0.418889394
2017-02-13,1002.82,-0.71%,-21.88%,0.803482783,,,,,0.39894228,0.418889394
2017-02-14,1013.92,1.11%,18.51%,1.203315384,,,,,0.39894228,0.418889394
2017-02-15,1014.53,0.06%,-4.75%,0.953626279,,,,,0.39894228,0.418889394
2017-02-16,1038.94,2.41%,47.37%,1.605979789,,,,,0.39894228,0.418889394
2017-02-17,1057.30,1.77%,33.18%,1.39346093,,,,,0.39894228,0.418889394
2017-02-18,1062.15,0.46%,4.11%,1.041923841,,,,,0.39894228,0.418889394
2017-02-19,1059.88,-0.21%,-10.83%,0.89732668,,,,,0.39894228,0.418889394
2017-02-20,1089.82,2.82%,56.68%,1.762594037,,,,,0.39894228,0.418889394
2017-02-21,1128.29,3.53%,72.34%,2.061527472,,,,,0.39894228,0.418889394
2017-02-22,1128.71,0.04%,-5.26%,0.948778505,,,,,0.39894228,0.418889394
2017-02-23,1186.90,5.16%,108.46%,2.958281284,,,,,0.39894228,0.418889394
2017-02-24,1186.91,0.00%,-6.07%,0.941139968,,,,,0.39894228,0.418889394
2017-02-25,1158.00,-2.44%,-60.20%,0.547696881,,,,,0.39894228,0.418889394
2017-02-26,1184.91,2.32%,45.55%,1.576912987,,,,,0.39894228,0.418889394
2017-02-27,1195.81,0.92%,14.35%,1.154349612,,,,,0.39894228,0.418889394
2017-02-28,1195.08,-0.06%,-7.44%,0.928287135,,,,,0.39894228,0.418889394
2017-03-01,1230.00,2.92%,58.84%,1.801046401,,,,,0.39894228,0.418889394
2017-03-02,1269.17,3.18%,64.67%,1.909244085,,,,,0.39894228,0.418889394
2017-03-03,1292.86,1.87%,35.39%,1.424574383,,,,,0.39894228,0.418889394
2017-03-04,1273.97,-1.46%,-38.55%,0.680120946,,,,,0.39894228,0.418889394
2017-03-05,1278.98,0.39%,2.65%,1.026880316,,,,,0.39894228,0.418889394
2017-03-06,1284.99,0.47%,4.36%,1.044517566,,,,,0.39894228,0.418889394
2017-03-07,1237.36,-3.71%,-88.44%,0.412958144,,,,,0.39894228,0.418889394
2017-03-08,1150.22,-7.04%,-162.56%,0.196800458,,,,,0.39894228,0.418889394
2017-03-09,1197.30,4.09%,84.86%,2.33632476,,,,,0.39894228,0.418889394
2017-03-10,1109.01,-7.37%,-169.93%,0.182818974,,,,,0.39894228,0.418889394
2017-03-11,1188.11,7.13%,152.39%,4.589985855,,,,,0.39894228,0.418889394
2017-03-12,1235.58,4.00%,82.69%,2.286151251,,,,,0.39894228,0.418889394
2017-03-13,1245.49,0.80%,11.74%,1.124516263,,,,,0.39894228,0.418889394
2017-03-14,1247.42,0.15%,-2.64%,0.973924875,,,,,0.39894228,0.418889394
2017-03-15,1263.00,1.25%,21.67%,1.241912853,,,,,0.39894228,0.418889394
2017-03-16,1175.11,-6.96%,-160.70%,0.20048943,,,,,0.39894228,0.418889394
2017-03-17,1069.57,-8.98%,-205.64%,0.127919702,,,,,0.39894228,0.418889394
2017-03-18,970.00,-9.31%,-212.92%,0.118927318,,,,,0.39894228,0.418889394
2017-03-19,1019.49,5.10%,107.27%,2.923402004,,,,,0.39894228,0.418889394
2017-03-20,1044.96,2.50%,49.42%,1.639242893,,,,,0.39894228,0.418889394
2017-03-21,1114.42,6.65%,141.60%,4.120775036,,,,,0.39894228,0.418889394
2017-03-22,1034.57,-7.17%,-165.28%,0.191505655,,,,,0.39894228,0.418889394
2017-03-23,1025.14,-0.91%,-26.34%,0.768457955,,,,,0.39894228,0.418889394
2017-03-24,934.87,-8.81%,-201.73%,0.133010985,,,,,0.39894228,0.418889394
2017-03-25,963.72,3.09%,62.48%,1.867888026,,,,,0.39894228,0.418889394
2017-03-26,973.08,0.97%,15.49%,1.167591404,,,,,0.39894228,0.418889394
2017-03-27,1042.08,7.09%,151.46%,4.547755792,,,,,0.39894228,0.418889394
2017-03-28,1045.40,0.32%,0.99%,1.009985449,,,,,0.39894228,0.418889394
2017-03-29,1043.27,-0.20%,-10.61%,0.899316162,,,,,0.39894228,0.418889394
2017-03-30,1042.34,-0.09%,-8.07%,0.922510296,,,,,0.39894228,0.418889394
2017-03-31,1088.99,4.48%,93.35%,2.543490355,,,,,0.39894228,0.418889394
2017-04-01,1092.00,0.28%,0.06%,1.000561971,,,,,0.39894228,0.418889394
2017-04-02,1113.99,2.01%,38.66%,1.471923728,,,,,0.39894228,0.418889394
2017-04-03,1152.60,3.47%,70.92%,2.03241095,,,,,0.39894228,0.418889394
2017-04-04,1143.99,-0.75%,-22.68%,0.797061162,,,,,0.39894228,0.418889394
2017-04-05,1132.99,-0.96%,-27.45%,0.759958594,,,,,0.39894228,0.418889394
2017-04-06,1192.30,5.23%,110.22%,3.010918105,,,,,0.39894228,0.418889394
2017-04-07,1194.00,0.14%,-2.92%,0.97125017,,,,,0.39894228,0.418889394
2017-04-08,1184.50,-0.80%,-23.76%,0.788493989,,,,,0.39894228,0.418889394
2017-04-09,1210.97,2.23%,43.57%,1.545990025,,,,,0.39894228,0.418889394
2017-04-10,1210.00,-0.08%,-7.86%,0.924365416,,,,,0.39894228,0.418889394
2017-04-11,1223.99,1.16%,19.60%,1.21657392,,,,,0.39894228,0.418889394
2017-04-12,1214.17,-0.80%,-23.91%,0.787329961,,,,,0.39894228,0.418889394
2017-04-13,1177.05,-3.06%,-74.01%,0.47705666,,,,,0.39894228,0.418889394
2017-04-14,1173.74,-0.28%,-12.33%,0.883970652,,,,,0.39894228,0.418889394
2017-04-15,1178.85,0.44%,3.59%,1.036531151,,,,,0.39894228,0.418889394
2017-04-16,1177.99,-0.07%,-7.71%,0.925834763,,,,,0.39894228,0.418889394
2017-04-17,1189.91,1.01%,16.40%,1.178186366,,,,,0.39894228,0.418889394
2017-04-18,1201.94,1.01%,16.38%,1.177952806,,,,,0.39894228,0.418889394
2017-04-19,1214.21,1.02%,16.60%,1.180533282,,,,,0.39894228,0.418889394
2017-04-20,1236.15,1.81%,34.06%,1.405822376,,,,,0.39894228,0.418889394
2017-04-21,1249.99,1.12%,18.79%,1.206722763,,,,,0.39894228,0.418889394
2017-04-22,1247.00,-0.24%,-11.40%,0.892260151,,,,,0.39894228,0.418889394
2017-04-23,1251.98,0.40%,2.79%,1.028272923,,,,,0.39894228,0.418889394
2017-04-24,1257.29,0.42%,3.34%,1.033947568,,,,,0.39894228,0.418889394
2017-04-25,1281.16,1.90%,36.10%,1.434724257,,,,,0.39894228,0.418889394
2017-04-26,1298.44,1.35%,23.88%,1.269758557,,,,,0.39894228,0.418889394
2017-04-27,1349.26,3.91%,80.88%,2.245129203,,,,,0.39894228,0.418889394
2017-04-28,1353.34,0.30%,0.63%,1.006355401,,,,,0.39894228,0.418889394
2017-04-29,1365.43,0.89%,13.76%,1.147558691,,,,,0.39894228,0.418889394
2017-04-30,1384.55,1.40%,25.03%,1.28437515,,,,,0.39894228,0.418889394
2017-05-01,1436.50,3.75%,77.28%,2.165848784,,,,,0.39894228,0.418889394
2017-05-02,1471.99,2.47%,48.81%,1.629177995,,,,,0.39894228,0.418889394
2017-05-03,1533.00,4.14%,86.00%,2.363263789,,,,,0.39894228,0.418889394
2017-05-04,1563.39,1.98%,37.96%,1.461707088,,,,,0.39894228,0.418889394
2017-05-05,1551.30,-0.77%,-23.27%,0.792414912,,,,,0.39894228,0.418889394
2017-05-06,1585.39,2.20%,42.74%,1.533269303,,,,,0.39894228,0.418889394
2017-05-07,1609.57,1.53%,27.80%,1.320512475,,,,,0.39894228,0.418889394
2017-05-08,1713.00,6.43%,136.69%,3.923142773,,,,,0.39894228,0.418889394
2017-05-09,1720.43,0.43%,3.55%,1.036158476,,,,,0.39894228,0.418889394
2017-05-10,1794.99,4.33%,90.21%,2.464656039,,,,,0.39894228,0.418889394
2017-05-11,1837.93,2.39%,47.07%,1.601053789,,,,,0.39894228,0.418889394
2017-05-12,1695.61,-7.74%,-178.13%,0.168413288,,,,,0.39894228,0.418889394
2017-05-13,1792.73,5.73%,121.18%,3.359399392,,,,,0.39894228,0.418889394
2017-05-14,1799.99,0.40%,2.91%,1.029555531,,,,,0.39894228,0.418889394
2017-05-15,1747.81,-2.90%,-70.49%,0.494137182,,,,,0.39894228,0.418889394
2017-05-16,1777.48,1.70%,31.63%,1.372068146,,,,,0.39894228,0.418889394
2017-05-17,1813.23,2.01%,38.60%,1.47111882,,,,,0.39894228,0.418889394
2017-05-18,1899.16,4.74%,99.21%,2.696875681,,,,,0.39894228,0.418889394
2017-05-19,1976.23,4.06%,84.08%,2.31821654,,,,,0.39894228,0.418889394
2017-05-20,2058.91,4.18%,86.87%,2.38382789,,,,,0.39894228,0.418889394
2017-05-21,2057.00,-0.09%,-8.15%,0.921767641,,,,,0.39894228,0.418889394
2017-05-22,2123.29,3.22%,65.52%,1.925475514,,,,,0.39894228,0.418889394
2017-05-23,2272.75,7.04%,150.31%,4.495704518,,,,,0.39894228,0.418889394
2017-05-24,2432.97,7.05%,150.55%,4.506238347,,,,,0.39894228,0.418889394
2017-05-25,2355.00,-3.20%,-77.29%,0.461676633,,,,,0.39894228,0.418889394
2017-05-26,2272.70,-3.49%,-83.73%,0.432870479,,,,,0.39894228,0.418889394
2017-05-27,2099.99,-7.60%,-174.93%,0.173895013,,,,,0.39894228,0.418889394
2017-05-28,2232.78,6.32%,134.41%,3.834742097,,,,,0.39894228,0.418889394
2017-05-29,2279.48,2.09%,40.39%,1.497597395,,,,,0.39894228,0.418889394
2017-05-30,2191.58,-3.86%,-91.76%,0.399466495,,,,,0.39894228,0.418889394
2017-05-31,2303.29,5.10%,107.17%,2.920268985,,,,,0.39894228,0.418889394
2017-06-01,2419.99,5.07%,106.49%,2.900501031,,,,,0.39894228,0.418889394
2017-06-02,2478.99,2.44%,48.08%,1.617433935,,,,,0.39894228,0.418889394
2017-06-03,2548.05,2.79%,55.81%,1.747372775,,,,,0.39894228,0.418889394
2017-06-04,2521.36,-1.05%,-29.36%,0.745588387,,,,,0.39894228,0.418889394
2017-06-05,2698.00,7.01%,149.57%,4.462531776,,,,,0.39894228,0.418889394
2017-06-06,2871.29,6.42%,136.62%,3.920499052,,,,,0.39894228,0.418889394
2017-06-07,2685.64,-6.47%,-149.74%,0.223702975,,,,,0.39894228,0.418889394
2017-06-08,2799.73,4.25%,88.30%,2.418196405,,,,,0.39894228,0.418889394
2017-06-09,2811.39,0.42%,3.17%,1.032189482,,,,,0.39894228,0.418889394
2017-06-10,2931.15,4.26%,88.56%,2.424472036,,,,,0.39894228,0.418889394
2017-06-11,2998.98,2.31%,45.33%,1.573509221,,,,,0.39894228,0.418889394
2017-06-12,2655.71,-11.45%,-260.40%,0.073975348,,,,,0.39894228,0.418889394
2017-06-13,2709.01,2.01%,38.51%,1.469721132,,,,,0.39894228,0.418889394
2017-06-14,2432.21,-10.22%,-233.11%,0.09719107,,,,,0.39894228,0.418889394
2017-06-15,2409.98,-0.91%,-26.39%,0.768032286,,,,,0.39894228,0.418889394
2017-06-16,2480.43,2.92%,58.87%,1.801558947,,,,,0.39894228,0.418889394
2017-06-17,2634.94,6.23%,132.32%,3.7553146,,,,,0.39894228,0.418889394
2017-06-18,2515.25,-4.54%,-107.01%,0.342972446,,,,,0.39894228,0.418889394
2017-06-19,2596.98,3.25%,66.11%,1.936942523,,,,,0.39894228,0.418889394
2017-06-20,2725.08,4.93%,103.51%,2.81541,,,,,0.39894228,0.418889394
2017-06-21,2643.35,-3.00%,-72.72%,0.483249979,,,,,0.39894228,0.418889394
2017-06-22,2679.99,1.39%,24.71%,1.280337388,,,,,0.39894228,0.418889394
2017-06-23,2690.76,0.40%,2.84%,1.028846238,,,,,0.39894228,0.418889394
2017-06-24,2574.84,-4.31%,-101.80%,0.361303103,,,,,0.39894228,0.418889394
2017-06-25,2505.61,-2.69%,-65.82%,0.51776168,,,,,0.39894228,0.418889394
2017-06-26,2407.91,-3.90%,-92.72%,0.395658747,,,,,0.39894228,0.418889394
2017-06-27,2575.75,6.97%,148.79%,4.427587147,,,,,0.39894228,0.418889394
2017-06-28,2553.12,-0.88%,-25.61%,0.774097709,,,,,0.39894228,0.418889394
2017-06-29,2530.00,-0.91%,-26.21%,0.769471296,,,,,0.39894228,0.418889394
2017-06-30,2455.19,-2.96%,-71.78%,0.48780894,,,,,0.39894228,0.418889394
2017-07-01,2423.63,-1.29%,-34.65%,0.70719037,,,,,0.39894228,0.418889394
2017-07-02,2516.66,3.84%,79.20%,2.207796035,,,,,0.39894228,0.418889394
2017-07-03,2542.41,1.02%,16.65%,1.181145086,,,,,0.39894228,0.418889394
2017-07-04,2602.00,2.34%,45.99%,1.583937619,,,,,0.39894228,0.418889394
2017-07-05,2616.96,0.57%,6.69%,1.069180668,,,,,0.39894228,0.418889394
2017-07-06,2604.84,-0.46%,-16.38%,0.848952968,,,,,0.39894228,0.418889394
2017-07-07,2501.15,-3.98%,-94.53%,0.388565819,,,,,0.39894228,0.418889394
2017-07-08,2561.11,2.40%,47.18%,1.60286311,,,,,0.39894228,0.418889394
2017-07-09,2508.99,-2.04%,-51.30%,0.598691926,,,,,0.39894228,0.418889394
2017-07-10,2331.05,-7.09%,-163.66%,0.194639926,,,,,0.39894228,0.418889394
2017-07-11,2310.01,-0.90%,-26.14%,0.769977714,,,,,0.39894228,0.418889394
2017-07-12,2383.42,3.18%,64.52%,1.906427529,,,,,0.39894228,0.418889394
2017-07-13,2340.00,-1.82%,-46.56%,0.627748616,,,,,0.39894228,0.418889394
2017-07-14,2217.24,-5.25%,-122.65%,0.293327892,,,,,0.39894228,0.418889394
2017-07-15,1964.31,-11.41%,-259.54%,0.074615821,,,,,0.39894228,0.418889394
2017-07-16,1911.78,-2.67%,-65.50%,0.519431191,,,,,0.39894228,0.418889394
2017-07-17,2235.19,16.92%,369.78%,40.35742602,,,,,0.39894228,0.418889394
2017-07-18,2308.15,3.26%,66.44%,1.943310762,,,,,0.39894228,0.418889394
2017-07-19,2258.99,-2.13%,-53.41%,0.586214923,,,,,0.39894228,0.418889394
2017-07-20,2873.48,27.20%,598.30%,396.6305482,,,,,0.39894228,0.418889394
2017-07-21,2657.45,-7.52%,-173.12%,0.177063523,,,,,0.39894228,0.418889394
2017-07-22,2825.27,6.32%,134.23%,3.827687937,,,,,0.39894228,0.418889394
2017-07-23,2754.28,-2.51%,-61.91%,0.538413204,,,,,0.39894228,0.418889394
2017-07-24,2762.26,0.29%,0.35%,1.003529298,,,,,0.39894228,0.418889394
2017-07-25,2564.00,-7.18%,-165.56%,0.190983265,,,,,0.39894228,0.418889394
2017-07-26,2525.99,-1.48%,-39.02%,0.676902707,,,,,0.39894228,0.418889394
2017-07-27,2664.99,5.50%,116.18%,3.195629878,,,,,0.39894228,0.418889394
2017-07-28,2786.07,4.54%,94.86%,2.582124261,,,,,0.39894228,0.418889394
2017-07-29,2700.21,-3.08%,-74.56%,0.474463917,,,,,0.39894228,0.418889394
2017-07-30,2723.99,0.88%,13.48%,1.144331977,,,,,0.39894228,0.418889394
2017-07-31,2856.88,4.88%,102.31%,2.781741734,,,,,0.39894228,0.418889394
2017-08-01,2732.59,-4.35%,-102.75%,0.357909524,,,,,0.39894228,0.418889394
2017-08-02,2699.90,-1.20%,-32.67%,0.721336148,,,,,0.39894228,0.418889394
2017-08-03,2787.02,3.23%,65.61%,1.927243964,,,,,0.39894228,0.418889394
2017-08-04,2857.34,2.52%,49.97%,1.648306592,,,,,0.39894228,0.418889394
2017-08-05,3243.49,13.51%,294.18%,18.95030604,,,,,0.39894228,0.418889394
2017-08-06,3222.22,-0.66%,-20.66%,0.813382655,,,,,0.39894228,0.418889394
2017-08-07,3398.23,5.46%,115.28%,3.167066504,,,,,0.39894228,0.418889394
2017-08-08,3422.43,0.71%,9.74%,1.102273416,,,,,0.39894228,0.418889394
2017-08-09,3342.80,-2.33%,-57.78%,0.56112636,,,,,0.39894228,0.418889394
2017-08-10,3444.98,3.06%,61.83%,1.855779254,,,,,0.39894228,0.418889394
2017-08-11,3656.15,6.13%,130.11%,3.673309129,,,,,0.39894228,0.418889394
2017-08-12,3874.00,5.96%,126.30%,3.536101665,,,,,0.39894228,0.418889394
2017-08-13,4060.47,4.81%,100.86%,2.741774786,,,,,0.39894228,0.418889394
2017-08-14,4320.60,6.41%,136.26%,3.906148633,,,,,0.39894228,0.418889394
2017-08-15,4159.93,-3.72%,-88.71%,0.41185374,,,,,0.39894228,0.418889394
2017-08-16,4370.01,5.05%,106.12%,2.88983543,,,,,0.39894228,0.418889394
2017-08-17,4280.01,-2.06%,-51.84%,0.595450159,,,,,0.39894228,0.418889394
2017-08-18,4101.72,-4.17%,-98.64%,0.37291981,,,,,0.39894228,0.418889394
2017-08-19,4157.41,1.36%,24.08%,1.272284756,,,,,0.39894228,0.418889394
2017-08-20,4050.99,-2.56%,-62.96%,0.53280974,,,,,0.39894228,0.418889394
2017-08-21,4002.00,-1.21%,-32.95%,0.719250364,,,,,0.39894228,0.418889394
2017-08-22,4092.00,2.25%,43.88%,1.550867559,,,,,0.39894228,0.418889394
2017-08-23,4143.49,1.26%,21.87%,1.244490262,,,,,0.39894228,0.418889394
2017-08-24,4312.03,4.07%,84.29%,2.323102312,,,,,0.39894228,0.418889394
2017-08-25,4360.00,1.11%,18.63%,1.204810969,,,,,0.39894228,0.418889394
2017-08-26,4344.32,-0.36%,-14.08%,0.868701721,,,,,0.39894228,0.418889394
2017-08-27,4340.11,-0.10%,-8.24%,0.920920024,,,,,0.39894228,0.418889394
2017-08-28,4384.99,1.03%,16.89%,1.184007393,,,,,0.39894228,0.418889394
2017-08-29,4599.00,4.88%,102.35%,2.782982711,,,,,0.39894228,0.418889394
2017-08-30,4581.98,-0.37%,-14.31%,0.866687582,,,,,0.39894228,0.418889394
2017-08-31,4743.94,3.53%,72.45%,2.063716095,,,,,0.39894228,0.418889394
2017-09-01,4947.99,4.30%,89.48%,2.446910223,,,,,0.39894228,0.418889394
2017-09-02,4649.99,-6.02%,-139.90%,0.246846397,,,,,0.39894228,0.418889394
2017-09-03,4626.05,-0.51%,-17.52%,0.839255588,,,,,0.39894228,0.418889394
2017-09-04,4498.25,-2.76%,-67.47%,0.509329143,,,,,0.39894228,0.418889394
2017-09-05,4432.51,-1.46%,-38.56%,0.680067229,,,,,0.39894228,0.418889394
2017-09-06,4616.18,4.14%,85.98%,2.362724399,,,,,0.39894228,0.418889394
2017-09-07,4624.18,0.17%,-2.23%,0.977902532,,,,,0.39894228,0.418889394
2017-09-08,4350.00,-5.93%,-137.82%,0.252021367,,,,,0.39894228,0.418889394
2017-09-09,4334.36,-0.36%,-14.07%,0.868719633,,,,,0.39894228,0.418889394
2017-09-10,4251.36,-1.91%,-48.63%,0.614885994,,,,,0.39894228,0.418889394
2017-09-11,4210.72,-0.96%,-27.32%,0.760907702,,,,,0.39894228,0.418889394
2017-09-12,4164.52,-1.10%,-30.46%,0.73739525,,,,,0.39894228,0.418889394
2017-09-13,3855.32,-7.42%,-171.05%,0.180777809,,,,,0.39894228,0.418889394
2017-09-14,3250.40,-15.69%,-354.70%,0.028809763,,,,,0.39894228,0.418889394
2017-09-15,3740.02,15.06%,328.60%,26.73562407,,,,,0.39894228,0.418889394
2017-09-16,3726.51,-0.36%,-14.11%,0.868393924,,,,,0.39894228,0.418889394
2017-09-17,3719.97,-0.18%,-9.98%,0.904978748,,,,,0.39894228,0.418889394
2017-09-18,4100.00,10.22%,220.90%,9.106355646,,,,,0.39894228,0.418889394
2017-09-19,3910.11,-4.63%,-108.99%,0.336253622,,,,,0.39894228,0.418889394
2017-09-20,3872.06,-0.97%,-27.71%,0.758007239,,,,,0.39894228,0.418889394
2017-09-21,3617.47,-6.58%,-152.17%,0.218334956,,,,,0.39894228,0.418889394
2017-09-22,3619.01,0.04%,-5.14%,0.949906283,,,,,0.39894228,0.418889394
2017-09-23,3787.33,4.65%,97.25%,2.644621997,,,,,0.39894228,0.418889394
2017-09-24,3669.01,-3.12%,-75.50%,0.470021396,,,,,0.39894228,0.418889394
2017-09-25,3919.78,6.83%,145.77%,4.296232467,,,,,0.39894228,0.418889394
2017-09-26,3885.09,-0.88%,-25.75%,0.772994375,,,,,0.39894228,0.418889394
2017-09-27,4200.00,8.11%,174.01%,5.697845906,,,,,0.39894228,0.418889394
2017-09-28,4189.42,-0.25%,-11.68%,0.889745409,,,,,0.39894228,0.418889394
2017-09-29,4156.99,-0.77%,-23.28%,0.792278772,,,,,0.39894228,0.418889394
2017-09-30,4339.00,4.38%,91.20%,2.489205278,,,,,0.39894228,0.418889394
2017-10-01,4394.81,1.29%,22.49%,1.252237701,,,,,0.39894228,0.418889394
2017-10-02,4392.71,-0.05%,-7.15%,0.931026645,,,,,0.39894228,0.418889394
2017-10-03,4307.99,-1.93%,-48.94%,0.613014578,,,,,0.39894228,0.418889394
2017-10-04,4214.84,-2.16%,-54.13%,0.582007843,,,,,0.39894228,0.418889394
2017-10-05,4320.04,2.50%,49.37%,1.638381727,,,,,0.39894228,0.418889394
2017-10-06,4362.99,0.99%,16.00%,1.173564823,,,,,0.39894228,0.418889394
2017-10-07,4425.00,1.42%,25.49%,1.290376592,,,,,0.39894228,0.418889394
2017-10-08,4603.49,4.03%,83.54%,2.305663544,,,,,0.39894228,0.418889394
2017-10-09,4769.55,3.61%,74.06%,2.097250172,,,,,0.39894228,0.418889394
2017-10-10,4750.00,-0.41%,-15.19%,0.859055114,,,,,0.39894228,0.418889394
2017-10-11,4814.99,1.37%,24.31%,1.275252818,,,,,0.39894228,0.418889394
2017-10-12,5440.00,12.98%,282.32%,16.83087808,,,,,0.39894228,0.418889394
2017-10-13,5624.80,3.40%,69.39%,2.001552066,,,,,0.39894228,0.418889394
2017-10-14,5819.13,3.45%,70.68%,2.027431093,,,,,0.39894228,0.418889394
2017-10-15,5693.70,-2.16%,-53.98%,0.582885821,,,,,0.39894228,0.418889394
2017-10-16,5754.90,1.07%,17.80%,1.194788581,,,,,0.39894228,0.418889394
2017-10-17,5594.00,-2.80%,-68.21%,0.505578896,,,,,0.39894228,0.418889394
2017-10-18,5574.44,-0.35%,-13.85%,0.870628702,,,,,0.39894228,0.418889394
2017-10-19,5704.01,2.32%,45.56%,1.577096884,,,,,0.39894228,0.418889394
2017-10-20,5989.10,5.00%,104.96%,2.856625495,,,,,0.39894228,0.418889394
2017-10-21,6024.86,0.60%,7.18%,1.074453661,,,,,0.39894228,0.418889394
2017-10-22,6005.05,-0.33%,-13.39%,0.874672457,,,,,0.39894228,0.418889394
2017-10-23,5905.99,-1.65%,-42.74%,0.652223111,,,,,0.39894228,0.418889394
2017-10-24,5525.43,-6.44%,-149.25%,0.224804486,,,,,0.39894228,0.418889394
2017-10-25,5739.97,3.88%,80.18%,2.229642851,,,,,0.39894228,0.418889394
2017-10-26,5891.61,2.64%,52.61%,1.692356396,,,,,0.39894228,0.418889394
2017-10-27,5780.00,-1.89%,-48.18%,0.617698834,,,,,0.39894228,0.418889394
2017-10-28,5752.01,-0.48%,-16.84%,0.844977947,,,,,0.39894228,0.418889394
2017-10-29,6140.01,6.75%,143.79%,4.211787991,,,,,0.39894228,0.418889394
2017-10-30,6124.16,-0.26%,-11.82%,0.88851306,,,,,0.39894228,0.418889394
2017-10-31,6445.01,5.24%,110.32%,3.013772461,,,,,0.39894228,0.418889394
2017-11-01,6783.69,5.25%,110.67%,3.024392645,,,,,0.39894228,0.418889394
2017-11-02,7039.98,3.78%,77.86%,2.178353426,,,,,0.39894228,0.418889394
2017-11-03,7170.01,1.85%,34.95%,1.418399265,,,,,0.39894228,0.418889394
2017-11-04,7412.55,3.38%,69.07%,1.995177119,,,,,0.39894228,0.418889394
2017-11-05,7392.00,-0.28%,-12.24%,0.884752486,,,,,0.39894228,0.418889394
2017-11-06,6969.76,-5.71%,-133.00%,0.264478612,,,,,0.39894228,0.418889394
2017-11-07,7126.63,2.25%,43.92%,1.55150432,,,,,0.39894228,0.418889394
2017-11-08,7467.96,4.79%,100.33%,2.727271915,,,,,0.39894228,0.418889394
2017-11-09,7156.00,-4.18%,-98.90%,0.371954314,,,,,0.39894228,0.418889394
2017-11-10,6577.62,-8.08%,-185.66%,0.156195848,,,,,0.39894228,0.418889394
2017-11-11,6346.70,-3.51%,-84.09%,0.431334361,,,,,0.39894228,0.418889394
2017-11-12,5886.35,-7.25%,-167.24%,0.187788748,,,,,0.39894228,0.418889394
2017-11-13,6535.87,11.03%,239.08%,10.92231799,,,,,0.39894228,0.418889394
2017-11-14,6605.00,1.06%,17.42%,1.190239085,,,,,0.39894228,0.418889394
2017-11-15,7294.00,10.43%,225.69%,9.553085123,,,,,0.39894228,0.418889394
2017-11-16,7838.53,7.47%,159.79%,4.942425718,,,,,0.39894228,0.418889394
2017-11-17,7714.71,-1.58%,-41.18%,0.662443231,,,,,0.39894228,0.418889394
2017-11-18,7777.01,0.81%,11.86%,1.125890202,,,,,0.39894228,0.418889394
2017-11-19,8031.82,3.28%,66.71%,1.948628822,,,,,0.39894228,0.418889394
2017-11-20,8256.01,2.79%,55.93%,1.749494137,,,,,0.39894228,0.418889394
2017-11-21,8109.00,-1.78%,-45.65%,0.633508699,,,,,0.39894228,0.418889394
2017-11-22,8250.00,1.74%,32.55%,1.384702882,,,,,0.39894228,0.418889394
2017-11-23,8031.16,-2.65%,-65.02%,0.521931816,,,,,0.39894228,0.418889394
2017-11-24,8215.01,2.29%,44.78%,1.564827896,,,,,0.39894228,0.418889394
2017-11-25,8795.50,7.07%,150.92%,4.522891453,,,,,0.39894228,0.418889394
2017-11-26,9401.11,6.89%,146.90%,4.34484321,,,,,0.39894228,0.418889394
2017-11-27,9768.71,3.91%,80.79%,2.243258902,,,,,0.39894228,0.418889394
2017-11-28,9949.00,1.85%,34.92%,1.417946876,,,,,0.39894228,0.418889394
2017-11-29,9935.98,-0.13%,-8.99%,0.913997626,,,,,0.39894228,0.418889394
2017-11-30,9903.00,-0.33%,-13.46%,0.874066202,,,,,0.39894228,0.418889394
2017-12-01,10869.84,9.76%,210.84%,8.234712819,,,,,0.39894228,0.418889394
2017-12-02,10930.24,0.56%,6.26%,1.06461125,,,,,0.39894228,0.418889394
2017-12-03,11290.00,3.29%,67.05%,1.955119659,,,,,0.39894228,0.418889394
2017-12-04,11643.98,3.14%,63.58%,1.888481929,,,,,0.39894228,0.418889394
2017-12-05,11718.35,0.64%,8.11%,1.084434214,,,,,0.39894228,0.418889394
2017-12-06,14090.00,20.24%,443.59%,84.42712885,,,,,0.39894228,0.418889394
2017-12-07,17390.01,23.42%,514.29%,171.2143818,,,,,0.39894228,0.418889394
2017-12-08,16367.03,-5.88%,-136.79%,0.254649655,,,,,0.39894228,0.418889394
2017-12-09,15309.98,-6.46%,-149.58%,0.224067314,,,,,0.39894228,0.418889394
2017-12-10,15290.01,-0.13%,-8.98%,0.914084878,,,,,0.39894228,0.418889394
2017-12-11,16885.76,10.44%,225.80%,9.563834909,,,,,0.39894228,0.418889394
2017-12-12,17730.12,5.00%,105.02%,2.858126079,,,,,0.39894228,0.418889394
2017-12-13,16689.61,-5.87%,-136.48%,0.255441396,,,,,0.39894228,0.418889394
2017-12-14,16749.78,0.36%,1.93%,1.019438661,,,,,0.39894228,0.418889394
2017-12-15,17738.67,5.90%,125.09%,3.493498248,,,,,0.39894228,0.418889394
2017-12-16,19650.01,10.77%,233.32%,10.31072186,,,,,0.39894228,0.418889394
2017-12-17,19378.99,-1.38%,-36.73%,0.692605068,,,,,0.39894228,0.418889394
2017-12-18,19039.01,-1.75%,-45.06%,0.637216885,,,,,0.39894228,0.418889394
2017-12-19,17838.73,-6.30%,-146.16%,0.231871463,,,,,0.39894228,0.418889394
2017-12-20,16496.89,-7.52%,-173.21%,0.176906292,,,,,0.39894228,0.418889394
2017-12-21,15758.80,-4.47%,-105.49%,0.348216996,,,,,0.39894228,0.418889394
2017-12-22,14210.57,-9.82%,-224.37%,0.106064191,,,,,0.39894228,0.418889394
2017-12-23,15075.89,6.09%,129.21%,3.640388134,,,,,0.39894228,0.418889394
2017-12-24,14221.94,-5.66%,-131.94%,0.267301206,,,,,0.39894228,0.418889394
2017-12-25,14171.98,-0.35%,-13.89%,0.870313863,,,,,0.39894228,0.418889394
2017-12-26,15790.88,11.42%,247.72%,11.90807058,,,,,0.39894228,0.418889394
2017-12-27,15367.08,-2.68%,-65.72%,0.518323733,,,,,0.39894228,0.418889394
2017-12-28,14450.01,-5.97%,-138.68%,0.249875323,,,,,0.39894228,0.418889394
2017-12-29,14565.05,0.80%,11.60%,1.123036012,,,,,0.39894228,0.418889394
2017-12-30,12839.99,-11.84%,-269.24%,0.067720566,,,,,0.39894228,0.418889394
2017-12-31,13863.13,7.97%,170.96%,5.526753712,,,,,0.39894228,0.418889394
2018-01-01,13480.01,-2.76%,-67.49%,0.509218999,,,,,0.39894228,0.418889394
2018-01-02,14781.51,9.66%,208.43%,8.039349634,,,,,0.39894228,0.418889394
2018-01-03,15098.14,2.14%,41.51%,1.514497228,,,,,0.39894228,0.418889394
2018-01-04,15144.99,0.31%,0.81%,1.008126758,,,,,0.39894228,0.418889394
2018-01-05,16960.01,11.98%,260.19%,13.48897277,,,,,0.39894228,0.418889394
2018-01-06,17098.99,0.82%,12.12%,1.128873217,,,,,0.39894228,0.418889394
2018-01-07,16174.22,-5.41%,-126.25%,0.282946492,,,,,0.39894228,0.418889394
2018-01-08,14993.74,-7.30%,-168.25%,0.18591424,,,,,0.39894228,0.418889394
2018-01-09,14480.99,-3.42%,-82.07%,0.440137509,,,,,0.39894228,0.418889394
2018-01-10,14875.18,2.72%,54.40%,1.722819413,,,,,0.39894228,0.418889394
2018-01-11,13308.06,-10.54%,-240.16%,0.090573561,,,,,0.39894228,0.418889394
2018-01-12,13820.00,3.85%,79.39%,2.211912782,,,,,0.39894228,0.418889394
2018-01-13,14187.95,2.66%,53.07%,1.700127647,,,,,0.39894228,0.418889394
2018-01-14,13656.23,-3.75%,-89.35%,0.409209389,,,,,0.39894228,0.418889394
2018-01-15,13590.00,-0.48%,-16.86%,0.844842022,,,,,0.39894228,0.418889394
2018-01-16,11570.01,-14.86%,-336.34%,0.034618932,,,,,0.39894228,0.418889394
2018-01-17,11200.01,-3.20%,-77.14%,0.46237491,,,,,0.39894228,0.418889394
2018-01-18,11305.53,0.94%,14.85%,1.160068049,,,,,0.39894228,0.418889394
2018-01-19,11498.99,1.71%,31.94%,1.376234176,,,,,0.39894228,0.418889394
2018-01-20,12762.80,10.99%,238.11%,10.81672194,,,,,0.39894228,0.418889394
2018-01-21,11518.17,-9.75%,-222.76%,0.107787237,,,,,0.39894228,0.418889394
2018-01-22,10766.70,-6.52%,-151.04%,0.220815198,,,,,0.39894228,0.418889394
2018-01-23,10824.94,0.54%,5.93%,1.061130628,,,,,0.39894228,0.418889394
2018-01-24,11356.79,4.91%,103.08%,2.803262433,,,,,0.39894228,0.418889394
2018-01-25,11118.00,-2.10%,-52.80%,0.589771727,,,,,0.39894228,0.418889394
2018-01-26,11086.89,-0.28%,-12.30%,0.884244677,,,,,0.39894228,0.418889394
2018-01-27,11319.00,2.09%,40.43%,1.498259951,,,,,0.39894228,0.418889394
2018-01-28,11536.00,1.92%,36.51%,1.440666575,,,,,0.39894228,0.418889394
2018-01-29,11123.01,-3.58%,-85.63%,0.424742104,,,,,0.39894228,0.418889394
2018-01-30,9995.00,-10.14%,-231.41%,0.098857707,,,,,0.39894228,0.418889394
2018-01-31,10099.99,1.05%,17.25%,1.188316387,,,,,0.39894228,0.418889394
2018-02-01,9014.23,-10.75%,-244.94%,0.086349057,,,,,0.39894228,0.418889394
2018-02-02,8787.52,-2.52%,-61.96%,0.538132959,,,,,0.39894228,0.418889394
2018-02-03,9240.00,5.15%,108.32%,2.95412861,,,,,0.39894228,0.418889394
2018-02-04,8167.91,-11.60%,-263.88%,0.071447603,,,,,0.39894228,0.418889394
2018-02-05,6905.19,-15.46%,-349.57%,0.030327032,,,,,0.39894228,0.418889394
2018-02-06,7688.46,11.34%,245.94%,11.69817895,,,,,0.39894228,0.418889394
2018-02-07,7575.75,-1.47%,-38.66%,0.679386706,,,,,0.39894228,0.418889394
2018-02-08,8218.10,8.48%,182.31%,6.190756856,,,,,0.39894228,0.418889394
2018-02-09,8671.01,5.51%,116.36%,3.201553309,,,,,0.39894228,0.418889394
2018-02-10,8547.49,-1.42%,-37.74%,0.6856719,,,,,0.39894228,0.418889394
2018-02-11,8072.99,-5.55%,-129.43%,0.27409755,,,,,0.39894228,0.418889394
2018-02-12,8872.28,9.90%,213.90%,8.490527958,,,,,0.39894228,0.418889394
2018-02-13,8520.01,-3.97%,-94.30%,0.389448322,,,,,0.39894228,0.418889394
2018-02-14,9472.98,11.19%,242.43%,11.29432047,,,,,0.39894228,0.418889394
2018-02-15,10031.23,5.89%,124.85%,3.485108681,,,,,0.39894228,0.418889394
2018-02-16,10167.49,1.36%,24.10%,1.2724642,,,,,0.39894228,0.418889394
2018-02-17,11121.50,9.38%,202.39%,7.567732782,,,,,0.39894228,0.418889394
2018-02-18,10380.04,-6.67%,-154.21%,0.213924252,,,,,0.39894228,0.418889394
2018-02-19,11140.00,7.32%,156.58%,4.786700071,,,,,0.39894228,0.418889394
2018-02-20,11235.57,0.86%,12.98%,1.138556559,,,,,0.39894228,0.418889394
2018-02-21,10454.27,-6.95%,-160.59%,0.200713169,,,,,0.39894228,0.418889394
2018-02-22,9830.00,-5.97%,-138.76%,0.24967118,,,,,0.39894228,0.418889394
2018-02-23,10144.99,3.20%,65.11%,1.917671001,,,,,0.39894228,0.418889394
2018-02-24,9688.62,-4.50%,-106.03%,0.346337351,,,,,0.39894228,0.418889394
2018-02-25,9597.99,-0.94%,-26.87%,0.764381724,,,,,0.39894228,0.418889394
2018-02-26,10300.00,7.31%,156.42%,4.779023816,,,,,0.39894228,0.418889394
2018-02-27,10566.57,2.59%,51.42%,1.672259317,,,,,0.39894228,0.418889394
2018-02-28,10307.27,-2.45%,-60.61%,0.545483064,,,,,0.39894228,0.418889394
2018-03-01,10895.92,5.71%,120.80%,3.34694662,,,,,0.39894228,0.418889394
2018-03-02,11000.00,0.96%,15.14%,1.163443772,,,,,0.39894228,0.418889394
2018-03-03,11432.50,3.93%,81.27%,2.254071431,,,,,0.39894228,0.418889394
2018-03-04,11469.90,0.33%,1.18%,1.011904562,,,,,0.39894228,0.418889394
2018-03-05,11377.54,-0.81%,-23.98%,0.786815142,,,,,0.39894228,0.418889394
2018-03-06,10700.00,-5.96%,-138.40%,0.250580912,,,,,0.39894228,0.418889394
2018-03-07,9920.00,-7.29%,-168.05%,0.186278452,,,,,0.39894228,0.418889394
2018-03-08,9304.90,-6.20%,-143.85%,0.237276692,,,,,0.39894228,0.418889394
2018-03-09,9255.00,-0.54%,-18.00%,0.835267788,,,,,0.39894228,0.418889394
2018-03-10,8795.44,-4.97%,-116.41%,0.31219901,,,,,0.39894228,0.418889394
2018-03-11,9533.88,8.40%,180.45%,6.077213003,,,,,0.39894228,0.418889394
2018-03-12,9120.00,-4.34%,-102.54%,0.358657857,,,,,0.39894228,0.418889394
2018-03-13,9145.41,0.28%,0.11%,1.001054622,,,,,0.39894228,0.418889394
2018-03-14,8207.03,-10.26%,-234.06%,0.096268829,,,,,0.39894228,0.418889394
2018-03-15,8259.99,0.65%,8.25%,1.086025925,,,,,0.39894228,0.418889394
2018-03-16,8275.00,0.18%,-2.05%,0.979732801,,,,,0.39894228,0.418889394
2018-03-17,7865.02,-4.95%,-116.17%,0.312969298,,,,,0.39894228,0.418889394
2018-03-18,8192.00,4.16%,86.29%,2.369924042,,,,,0.39894228,0.418889394
2018-03-19,8589.00,4.85%,101.59%,2.761841266,,,,,0.39894228,0.418889394
2018-03-20,8900.00,3.62%,74.37%,2.103619133,,,,,0.39894228,0.418889394
2018-03-21,8891.81,-0.09%,-8.13%,0.921920244,,,,,0.39894228,0.418889394
2018-03-22,8715.09,-1.99%,-50.24%,0.605058387,,,,,0.39894228,0.418889394
2018-03-23,8927.10,2.43%,47.97%,1.615512639,,,,,0.39894228,0.418889394
2018-03-24,8531.34,-4.43%,-104.58%,0.351393711,,,,,0.39894228,0.418889394
2018-03-25,8453.00,-0.92%,-26.49%,0.76730265,,,,,0.39894228,0.418889394
2018-03-26,8145.00,-3.64%,-87.04%,0.418776133,,,,,0.39894228,0.418889394
2018-03-27,7793.61,-4.31%,-101.94%,0.360813435,,,,,0.39894228,0.418889394
2018-03-28,7942.72,1.91%,36.42%,1.439419889,,,,,0.39894228,0.418889394
2018-03-29,7079.99,-10.86%,-247.42%,0.084230801,,,,,0.39894228,0.418889394
2018-03-30,6848.01,-3.28%,-78.89%,0.454366662,,,,,0.39894228,0.418889394
2018-03-31,6928.50,1.18%,20.03%,1.221769303,,,,,0.39894228,0.418889394
2018-04-01,6816.01,-1.62%,-42.16%,0.65600583,,,,,0.39894228,0.418889394
2018-04-02,7045.01,3.36%,68.56%,1.985023103,,,,,0.39894228,0.418889394
2018-04-03,7424.90,5.39%,113.72%,3.118151857,,,,,0.39894228,0.418889394
2018-04-04,6791.68,-8.53%,-195.57%,0.141463625,,,,,0.39894228,0.418889394
2018-04-05,6785.85,-0.09%,-7.99%,0.923187443,,,,,0.39894228,0.418889394
2018-04-06,6619.01,-2.46%,-60.71%,0.544916165,,,,,0.39894228,0.418889394
2018-04-07,6894.01,4.15%,86.23%,2.368504973,,,,,0.39894228,0.418889394
2018-04-08,7020.01,1.83%,34.52%,1.412314683,,,,,0.39894228,0.418889394
2018-04-09,6771.13,-3.55%,-84.86%,0.428030987,,,,,0.39894228,0.418889394
2018-04-10,6824.99,0.80%,11.59%,1.12286433,,,,,0.39894228,0.418889394
2018-04-11,6942.99,1.73%,32.33%,1.381670081,,,,,0.39894228,0.418889394
2018-04-12,7916.00,14.01%,305.29%,21.1767475,,,,,0.39894228,0.418889394
2018-04-13,7893.19,-0.29%,-12.49%,0.882608836,,,,,0.39894228,0.418889394
2018-04-14,8003.11,1.39%,24.86%,1.282180085,,,,,0.39894228,0.418889394
2018-04-15,8355.25,4.40%,91.68%,2.501197408,,,,,0.39894228,0.418889394
2018-04-16,8048.93,-3.67%,-87.54%,0.41668588,,,,,0.39894228,0.418889394
2018-04-17,7892.10,-1.95%,-49.38%,0.610322642,,,,,0.39894228,0.418889394
2018-04-18,8152.05,3.29%,67.10%,1.956154273,,,,,0.39894228,0.418889394
2018-04-19,8274.00,1.50%,27.15%,1.311963085,,,,,0.39894228,0.418889394
2018-04-20,8866.27,7.16%,152.96%,4.616289668,,,,,0.39894228,0.418889394
2018-04-21,8915.42,0.55%,6.23%,1.064299573,,,,,0.39894228,0.418889394
2018-04-22,8795.01,-1.35%,-36.09%,0.697028676,,,,,0.39894228,0.418889394
2018-04-23,8931.30,1.55%,28.35%,1.327706131,,,,,0.39894228,0.418889394
2018-04-24,9650.00,8.05%,172.71%,5.624112176,,,,,0.39894228,0.418889394
2018-04-25,8865.98,-8.12%,-186.60%,0.154741222,,,,,0.39894228,0.418889394
2018-04-26,9272.11,4.58%,95.69%,2.603677067,,,,,0.39894228,0.418889394
2018-04-27,8922.55,-3.77%,-89.85%,0.407184322,,,,,0.39894228,0.418889394
2018-04-28,9329.99,4.57%,95.37%,2.595382693,,,,,0.39894228,0.418889394
2018-04-29,9389.01,0.63%,7.97%,1.082961744,,,,,0.39894228,0.418889394
2018-04-30,9243.82,-1.55%,-40.44%,0.667355313,,,,,0.39894228,0.418889394
2018-05-01,9072.29,-1.86%,-47.31%,0.623042823,,,,,0.39894228,0.418889394
2018-05-02,9190.48,1.30%,22.86%,1.256841661,,,,,0.39894228,0.418889394
2018-05-03,9725.74,5.82%,123.32%,3.432081712,,,,,0.39894228,0.418889394
2018-05-04,9685.00,-0.42%,-15.39%,0.857339676,,,,,0.39894228,0.418889394
2018-05-05,9800.00,1.19%,20.30%,1.225038017,,,,,0.39894228,0.418889394
2018-05-06,9600.00,-2.04%,-51.43%,0.59792606,,,,,0.39894228,0.418889394
2018-05-07,9356.25,-2.54%,-62.50%,0.535266401,,,,,0.39894228,0.418889394
2018-05-08,9177.81,-1.91%,-48.46%,0.615946596,,,,,0.39894228,0.418889394
2018-05-09,9300.08,1.33%,23.52%,1.265100105,,,,,0.39894228,0.418889394
2018-05-10,9010.51,-3.11%,-75.27%,0.471116222,,,,,0.39894228,0.418889394
2018-05-11,8403.33,-6.74%,-155.81%,0.210544765,,,,,0.39894228,0.418889394
2018-05-12,8475.00,0.85%,12.86%,1.137286531,,,,,0.39894228,0.418889394
2018-05-13,8686.10,2.49%,49.26%,1.636530825,,,,,0.39894228,0.418889394
2018-05-14,8670.00,-0.19%,-10.20%,0.902999494,,,,,0.39894228,0.418889394
2018-05-15,8477.46,-2.22%,-55.43%,0.574491984,,,,,0.39894228,0.418889394
2018-05-16,8344.00,-1.57%,-41.06%,0.663229754,,,,,0.39894228,0.418889394
2018-05-17,8059.00,-3.42%,-81.97%,0.44054182,,,,,0.39894228,0.418889394
2018-05-18,8238.51,2.23%,43.41%,1.543501482,,,,,0.39894228,0.418889394
2018-05-19,8235.60,-0.04%,-6.87%,0.933608042,,,,,0.39894228,0.418889394
2018-05-20,8516.86,3.42%,69.79%,2.009623987,,,,,0.39894228,0.418889394
2018-05-21,8393.44,-1.45%,-38.28%,0.681933096,,,,,0.39894228,0.418889394
2018-05-22,7987.70,-4.83%,-113.49%,0.321456519,,,,,0.39894228,0.418889394
2018-05-23,7505.00,-6.04%,-140.35%,0.245730431,,,,,0.39894228,0.418889394
2018-05-24,7584.15,1.05%,17.35%,1.189427141,,,,,0.39894228,0.418889394
2018-05-25,7459.11,-1.65%,-42.72%,0.652354997,,,,,0.39894228,0.418889394
2018-05-26,7337.95,-1.62%,-42.17%,0.655898166,,,,,0.39894228,0.418889394
2018-05-27,7346.64,0.12%,-3.45%,0.966051324,,,,,0.39894228,0.418889394
2018-05-28,7107.94,-3.25%,-78.28%,0.457146696,,,,,0.39894228,0.418889394
2018-05-29,7460.00,4.95%,103.96%,2.828199959,,,,,0.39894228,0.418889394
2018-05-30,7380.01,-1.07%,-29.91%,0.741493943,,,,,0.39894228,0.418889394
2018-05-31,7485.00,1.42%,25.52%,1.290764779,,,,,0.39894228,0.418889394
2018-06-01,7514.32,0.39%,2.62%,1.026528535,,,,,0.39894228,0.418889394
2018-06-02,7636.42,1.62%,30.02%,1.350096806,,,,,0.39894228,0.418889394
2018-06-03,7706.37,0.92%,14.27%,1.153350818,,,,,0.39894228,0.418889394
2018-06-04,7487.37,-2.84%,-69.23%,0.500446113,,,,,0.39894228,0.418889394
2018-06-05,7612.51,1.67%,31.05%,1.36410269,,,,,0.39894228,0.418889394
2018-06-06,7655.00,0.56%,6.32%,1.0652014,,,,,0.39894228,0.418889394
2018-06-07,7684.93,0.39%,2.60%,1.026361941,,,,,0.39894228,0.418889394
2018-06-08,7618.83,-0.86%,-25.20%,0.777278193,,,,,0.39894228,0.418889394
2018-06-09,7496.40,-1.61%,-41.79%,0.65843627,,,,,0.39894228,0.418889394
2018-06-10,6770.31,-9.69%,-221.29%,0.10938349,,,,,0.39894228,0.418889394
2018-06-11,6881.00,1.63%,30.24%,1.353110366,,,,,0.39894228,0.418889394
2018-06-12,6544.99,-4.88%,-114.58%,0.317965669,,,,,0.39894228,0.418889394
2018-06-13,6302.32,-3.71%,-88.46%,0.41285926,,,,,0.39894228,0.418889394
2018-06-14,6638.49,5.33%,112.43%,3.078049248,,,,,0.39894228,0.418889394
2018-06-15,6391.22,-3.72%,-88.84%,0.411296255,,,,,0.39894228,0.418889394
2018-06-16,6484.29,1.46%,26.27%,1.300433931,,,,,0.39894228,0.418889394
2018-06-17,6447.16,-0.57%,-18.81%,0.828551179,,,,,0.39894228,0.418889394
2018-06-18,6709.02,4.06%,84.16%,2.320032073,,,,,0.39894228,0.418889394
2018-06-19,6736.41,0.41%,2.99%,1.0303078,,,,,0.39894228,0.418889394
2018-06-20,6756.10,0.29%,0.41%,1.004100548,,,,,0.39894228,0.418889394
2018-06-21,6719.01,-0.55%,-18.28%,0.832912576,,,,,0.39894228,0.418889394
2018-06-22,6059.82,-9.81%,-224.07%,0.106388058,,,,,0.39894228,0.418889394
2018-06-23,6178.29,1.96%,37.35%,1.45284227,,,,,0.39894228,0.418889394
2018-06-24,6149.99,-0.46%,-16.26%,0.8499112,,,,,0.39894228,0.418889394
2018-06-25,6246.01,1.56%,28.60%,1.33115457,,,,,0.39894228,0.418889394
2018-06-26,6074.00,-2.75%,-67.27%,0.510314398,,,,,0.39894228,0.418889394
2018-06-27,6132.17,0.96%,15.19%,1.164082071,,,,,0.39894228,0.418889394
2018-06-28,5851.66,-4.57%,-107.72%,0.340543969,,,,,0.39894228,0.418889394
2018-06-29,6202.36,5.99%,127.07%,3.563483602,,,,,0.39894228,0.418889394
2018-06-30,6383.19,2.92%,58.69%,1.798456405,,,,,0.39894228,0.418889394
2018-07-01,6349.50,-0.53%,-17.81%,0.836843774,,,,,0.39894228,0.418889394
2018-07-02,6611.79,4.13%,85.70%,2.356001139,,,,,0.39894228,0.418889394
2018-07-03,6502.62,-1.65%,-42.77%,0.65200146,,,,,0.39894228,0.418889394
2018-07-04,6587.47,1.30%,22.91%,1.257428358,,,,,0.39894228,0.418889394
2018-07-05,6532.95,-0.83%,-24.47%,0.782910025,,,,,0.39894228,0.418889394
2018-07-06,6600.00,1.03%,16.72%,1.181973142,,,,,0.39894228,0.418889394
2018-07-07,6753.28,2.32%,45.52%,1.576419065,,,,,0.39894228,0.418889394
2018-07-08,6701.97,-0.76%,-22.97%,0.794802484,,,,,0.39894228,0.418889394
2018-07-09,6664.01,-0.57%,-18.67%,0.829695931,,,,,0.39894228,0.418889394
2018-07-10,6303.70,-5.41%,-126.22%,0.283042475,,,,,0.39894228,0.418889394
2018-07-11,6390.04,1.37%,24.35%,1.275666918,,,,,0.39894228,0.418889394
2018-07-12,6249.75,-2.20%,-54.86%,0.577732161,,,,,0.39894228,0.418889394
2018-07-13,6216.29,-0.54%,-17.98%,0.835433934,,,,,0.39894228,0.418889394
2018-07-14,6248.65,0.52%,5.48%,1.056341404,,,,,0.39894228,0.418889394
2018-07-15,6348.73,1.60%,29.50%,1.343134036,,,,,0.39894228,0.418889394
2018-07-16,6728.81,5.99%,126.93%,3.558370969,,,,,0.39894228,0.418889394
2018-07-17,7315.01,8.71%,187.48%,6.519345601,,,,,0.39894228,0.418889394
2018-07-18,7378.99,0.87%,13.35%,1.142799278,,,,,0.39894228,0.418889394
2018-07-19,7470.01,1.23%,21.32%,1.237649907,,,,,0.39894228,0.418889394
2018-07-20,7334.46,-1.81%,-46.40%,0.628748431,,,,,0.39894228,0.418889394
2018-07-21,7408.00,1.00%,16.19%,1.175772922,,,,,0.39894228,0.418889394
2018-07-22,7397.80,-0.14%,-9.14%,0.91261338,,,,,0.39894228,0.418889394
2018-07-23,7720.09,4.36%,90.71%,2.477154026,,,,,0.39894228,0.418889394
2018-07-24,8385.50,8.62%,185.42%,6.386595142,,,,,0.39894228,0.418889394
2018-07-25,8157.15,-2.72%,-66.59%,0.513814608,,,,,0.39894228,0.418889394
2018-07-26,7931.99,-2.76%,-67.41%,0.509593821,,,,,0.39894228,0.418889394
2018-07-27,8184.21,3.18%,64.56%,1.907221396,,,,,0.39894228,0.418889394
2018-07-28,8228.90,0.55%,6.05%,1.06233947,,,,,0.39894228,0.418889394
2018-07-29,8216.34,-0.15%,-9.48%,0.909588271,,,,,0.39894228,0.418889394
2018-07-30,8170.01,-0.56%,-18.61%,0.830161396,,,,,0.39894228,0.418889394
2018-07-31,7727.27,-5.42%,-126.49%,0.282271079,,,,,0.39894228,0.418889394
2018-08-01,7603.99,-1.60%,-41.53%,0.660128263,,,,,0.39894228,0.418889394
2018-08-02,7533.92,-0.92%,-26.56%,0.766752439,,,,,0.39894228,0.418889394
2018-08-03,7414.08,-1.59%,-41.43%,0.660820354,,,,,0.39894228,0.418889394
2018-08-04,7005.00,-5.52%,-128.68%,0.276159281,,,,,0.39894228,0.418889394
2018-08-05,7030.01,0.36%,1.85%,1.018647789,,,,,0.39894228,0.418889394
2018-08-06,6938.00,-1.31%,-35.16%,0.703526703,,,,,0.39894228,0.418889394
2018-08-07,6718.22,-3.17%,-76.47%,0.465482818,,,,,0.39894228,0.418889394
2018-08-08,6282.50,-6.49%,-150.19%,0.22271549,,,,,0.39894228,0.418889394
2018-08-09,6546.45,4.20%,87.26%,2.393183607,,,,,0.39894228,0.418889394
2018-08-10,6146.01,-6.12%,-141.99%,0.241730669,,,,,0.39894228,0.418889394
2018-08-11,6235.56,1.46%,26.29%,1.30067272,,,,,0.39894228,0.418889394
2018-08-12,6316.01,1.29%,22.58%,1.253334333,,,,,0.39894228,0.418889394
2018-08-13,6253.67,-0.99%,-28.02%,0.75567033,,,,,0.39894228,0.418889394
2018-08-14,6195.01,-0.94%,-26.93%,0.763943362,,,,,0.39894228,0.418889394
2018-08-15,6269.01,1.19%,20.46%,1.226973843,,,,,0.39894228,0.418889394
2018-08-16,6315.90,0.75%,10.53%,1.11108338,,,,,0.39894228,0.418889394
2018-08-17,6585.49,4.27%,88.75%,2.429119418,,,,,0.39894228,0.418889394
2018-08-18,6396.64,-2.87%,-69.80%,0.497578589,,,,,0.39894228,0.418889394
2018-08-19,6489.53,1.45%,26.18%,1.299264884,,,,,0.39894228,0.418889394
2018-08-20,6258.74,-3.56%,-85.10%,0.426981426,,,,,0.39894228,0.418889394
2018-08-21,6475.89,3.47%,71.00%,2.034050079,,,,,0.39894228,0.418889394
2018-08-22,6359.99,-1.79%,-45.85%,0.632232885,,,,,0.39894228,0.418889394
2018-08-23,6526.36,2.62%,52.04%,1.682630228,,,,,0.39894228,0.418889394
2018-08-24,6690.88,2.52%,49.92%,1.647475037,,,,,0.39894228,0.418889394
2018-08-25,6737.52,0.70%,9.40%,1.098589512,,,,,0.39894228,0.418889394
2018-08-26,6709.98,-0.41%,-15.17%,0.859272002,,,,,0.39894228,0.418889394
2018-08-27,6911.90,3.01%,60.78%,1.83630903,,,,,0.39894228,0.418889394
2018-08-28,7071.01,2.30%,45.06%,1.569271788,,,,,0.39894228,0.418889394
2018-08-29,7030.90,-0.57%,-18.69%,0.829540161,,,,,0.39894228,0.418889394
2018-08-30,6983.00,-0.68%,-21.22%,0.808786717,,,,,0.39894228,0.418889394
2018-08-31,7015.01,0.46%,4.10%,1.041850545,,,,,0.39894228,0.418889394
2018-09-01,7191.08,2.51%,49.68%,1.643471688,,,,,0.39894228,0.418889394
2018-09-02,7295.00,1.45%,26.02%,1.297232762,,,,,0.39894228,0.418889394
2018-09-03,7256.98,-0.52%,-17.66%,0.838074376,,,,,0.39894228,0.418889394
2018-09-04,7360.00,1.42%,25.46%,1.289896674,,,,,0.39894228,0.418889394
2018-09-05,6687.96,-9.13%,-208.96%,0.123735181,,,,,0.39894228,0.418889394
2018-09-06,6495.00,-2.89%,-70.19%,0.495645824,,,,,0.39894228,0.418889394
2018-09-07,6395.01,-1.54%,-40.29%,0.668377792,,,,,0.39894228,0.418889394
2018-09-08,6188.00,-3.24%,-78.01%,0.458372184,,,,,0.39894228,0.418889394
2018-09-09,6235.01,0.76%,10.79%,1.113983184,,,,,0.39894228,0.418889394
2018-09-10,6300.00,1.04%,17.07%,1.186183588,,,,,0.39894228,0.418889394
2018-09-11,6282.53,-0.28%,-12.25%,0.884738911,,,,,0.39894228,0.418889394
2018-09-12,6326.00,0.69%,9.29%,1.097333281,,,,,0.39894228,0.418889394
2018-09-13,6485.99,2.53%,50.11%,1.650491216,,,,,0.39894228,0.418889394
2018-09-14,6478.04,-0.12%,-8.81%,0.915683805,,,,,0.39894228,0.418889394
2018-09-15,6518.68,0.63%,7.85%,1.081703207,,,,,0.39894228,0.418889394
2018-09-16,6498.00,-0.32%,-13.13%,0.876922323,,,,,0.39894228,0.418889394
2018-09-17,6250.70,-3.81%,-90.64%,0.40396097,,,,,0.39894228,0.418889394
2018-09-18,6335.70,1.36%,24.13%,1.272885483,,,,,0.39894228,0.418889394
2018-09-19,6386.94,0.81%,11.88%,1.126190988,,,,,0.39894228,0.418889394
2018-09-20,6493.11,1.66%,30.85%,1.3613627,,,,,0.39894228,0.418889394
2018-09-21,6750.00,3.96%,81.82%,2.266389767,,,,,0.39894228,0.418889394
2018-09-22,6707.33,-0.63%,-20.13%,0.817663769,,,,,0.39894228,0.418889394
2018-09-23,6696.99,-0.15%,-9.51%,0.909279741,,,,,0.39894228,0.418889394
2018-09-24,6582.09,-1.72%,-44.21%,0.642716506,,,,,0.39894228,0.418889394
2018-09-25,6436.89,-2.21%,-55.10%,0.576381011,,,,,0.39894228,0.418889394
2018-09-26,6455.66,0.29%,0.39%,1.003946236,,,,,0.39894228,0.418889394
2018-09-27,6680.01,3.48%,71.13%,2.036626286,,,,,0.39894228,0.418889394
2018-09-28,6620.01,-0.90%,-26.04%,0.770730015,,,,,0.39894228,0.418889394
2018-09-29,6581.00,-0.59%,-19.18%,0.825490018,,,,,0.39894228,0.418889394
2018-09-30,6605.00,0.36%,2.02%,1.020381921,,,,,0.39894228,0.418889394
2018-10-01,6572.83,-0.49%,-16.91%,0.844452585,,,,,0.39894228,0.418889394
2018-10-02,6498.46,-1.13%,-31.22%,0.731800785,,,,,0.39894228,0.418889394
2018-10-03,6466.03,-0.50%,-17.17%,0.842206704,,,,,0.39894228,0.418889394
2018-10-04,6547.45,1.26%,21.89%,1.244735614,,,,,0.39894228,0.418889394
2018-10-05,6593.94,0.71%,9.69%,1.101762164,,,,,0.39894228,0.418889394
2018-10-06,6552.43,-0.63%,-20.07%,0.818141841,,,,,0.39894228,0.418889394
2018-10-07,6570.00,0.27%,-0.13%,0.9987278,,,,,0.39894228,0.418889394
2018-10-08,6608.07,0.58%,6.79%,1.070252509,,,,,0.39894228,0.418889394
2018-10-09,6589.48,-0.28%,-12.34%,0.883948816,,,,,0.39894228,0.418889394
2018-10-10,6524.56,-0.99%,-27.97%,0.755974087,,,,,0.39894228,0.418889394
2018-10-11,6154.69,-5.67%,-132.04%,0.267031366,,,,,0.39894228,0.418889394
2018-10-12,6188.01,0.54%,5.94%,1.061236409,,,,,0.39894228,0.418889394
2018-10-13,6196.00,0.13%,-3.22%,0.968349694,,,,,0.39894228,0.418889394
2018-10-14,6183.49,-0.20%,-10.57%,0.899684956,,,,,0.39894228,0.418889394
2018-10-15,6440.42,4.16%,86.23%,2.368713905,,,,,0.39894228,0.418889394
2018-10-16,6457.11,0.26%,-0.33%,0.996732634,,,,,0.39894228,0.418889394
2018-10-17,6443.70,-0.21%,-10.70%,0.898531578,,,,,0.39894228,0.418889394
2018-10-18,6394.96,-0.76%,-22.89%,0.795399809,,,,,0.39894228,0.418889394
2018-10-19,6382.99,-0.19%,-10.24%,0.902633405,,,,,0.39894228,0.418889394
2018-10-20,6414.00,0.49%,4.71%,1.048217998,,,,,0.39894228,0.418889394
2018-10-21,6415.88,0.03%,-5.43%,0.947111756,,,,,0.39894228,0.418889394
2018-10-22,6407.65,-0.13%,-8.94%,0.914524142,,,,,0.39894228,0.418889394
2018-10-23,6395.14,-0.20%,-10.42%,0.901019065,,,,,0.39894228,0.418889394
2018-10-24,6415.98,0.33%,1.16%,1.011620173,,,,,0.39894228,0.418889394
2018-10-25,6395.58,-0.32%,-13.15%,0.876783227,,,,,0.39894228,0.418889394
2018-10-26,6404.87,0.15%,-2.86%,0.971827598,,,,,0.39894228,0.418889394
2018-10-27,6409.12,0.07%,-4.61%,0.954939407,,,,,0.39894228,0.418889394
2018-10-28,6403.62,-0.09%,-7.99%,0.923192593,,,,,0.39894228,0.418889394
2018-10-29,6266.00,-2.15%,-53.83%,0.58371266,,,,,0.39894228,0.418889394
2018-10-30,6267.63,0.03%,-5.51%,0.946418111,,,,,0.39894228,0.418889394
2018-10-31,6304.18,0.58%,6.87%,1.071133416,,,,,0.39894228,0.418889394
2018-11-01,6344.00,0.63%,7.95%,1.082735746,,,,,0.39894228,0.418889394
2018-11-02,6349.80,0.09%,-4.05%,0.960273249,,,,,0.39894228,0.418889394
2018-11-03,6331.96,-0.28%,-12.33%,0.884021281,,,,,0.39894228,0.418889394
2018-11-04,6423.28,1.44%,25.96%,1.296392509,,,,,0.39894228,0.418889394
2018-11-05,6404.00,-0.30%,-12.75%,0.880257262,,,,,0.39894228,0.418889394
2018-11-06,6448.50,0.69%,9.35%,1.098055075,,,,,0.39894228,0.418889394
2018-11-07,6503.12,0.85%,12.73%,1.135807379,,,,,0.39894228,0.418889394
2018-11-08,6406.24,-1.49%,-39.18%,0.675806123,,,,,0.39894228,0.418889394
2018-11-09,6334.89,-1.11%,-30.83%,0.734687358,,,,,0.39894228,0.418889394
2018-11-10,6347.42,0.20%,-1.69%,0.983238097,,,,,0.39894228,0.418889394
2018-11-11,6357.60,0.16%,-2.52%,0.975098644,,,,,0.39894228,0.418889394
2018-11-12,6327.87,-0.47%,-16.48%,0.848105243,,,,,0.39894228,0.418889394
2018-11-13,6259.34,-1.08%,-30.15%,0.739727503,,,,,0.39894228,0.418889394
2018-11-14,5605.46,-10.45%,-238.19%,0.092375533,,,,,0.39894228,0.418889394
2018-11-15,5579.52,-0.46%,-16.37%,0.849022706,,,,,0.39894228,0.418889394
2018-11-16,5512.24,-1.21%,-32.88%,0.719809187,,,,,0.39894228,0.418889394
2018-11-17,5504.17,-0.15%,-9.34%,0.910848473,,,,,0.39894228,0.418889394
2018-11-18,5560.00,1.01%,16.45%,1.178822318,,,,,0.39894228,0.418889394
2018-11-19,4733.50,-14.87%,-336.36%,0.03460885,,,,,0.39894228,0.418889394
2018-11-20,4349.23,-8.12%,-186.46%,0.15496366,,,,,0.39894228,0.418889394
2018-11-21,4545.11,4.50%,93.98%,2.559521632,,,,,0.39894228,0.418889394
2018-11-22,4265.36,-6.15%,-142.84%,0.239694946,,,,,0.39894228,0.418889394
2018-11-23,4283.80,0.43%,3.52%,1.03583114,,,,,0.39894228,0.418889394
2018-11-24,3774.99,-11.88%,-269.99%,0.067215289,,,,,0.39894228,0.418889394
2018-11-25,3936.69,4.28%,89.09%,2.43724021,,,,,0.39894228,0.418889394
2018-11-26,3731.32,-5.22%,-121.99%,0.295245959,,,,,0.39894228,0.418889394
2018-11-27,3775.00,1.17%,19.92%,1.220481465,,,,,0.39894228,0.418889394
2018-11-28,4225.03,11.92%,258.79%,13.30156725,,,,,0.39894228,0.418889394
2018-11-29,4248.00,0.54%,5.99%,1.061776274,,,,,0.39894228,0.418889394
2018-11-30,3976.00,-6.40%,-148.35%,0.226842277,,,,,0.39894228,0.418889394
2018-12-01,4142.01,4.18%,86.68%,2.379371489,,,,,0.39894228,0.418889394
2018-12-02,4103.19,-0.94%,-26.91%,0.764076289,,,,,0.39894228,0.418889394
2018-12-03,3833.47,-6.57%,-152.14%,0.218414087,,,,,0.39894228,0.418889394
2018-12-04,3901.84,1.78%,33.54%,1.39852157,,,,,0.39894228,0.418889394
2018-12-05,3694.39,-5.32%,-124.21%,0.288764606,,,,,0.39894228,0.418889394
2018-12-06,3433.26,-7.07%,-163.13%,0.195672436,,,,,0.39894228,0.418889394
2018-12-07,3380.01,-1.55%,-40.55%,0.666670395,,,,,0.39894228,0.418889394
2018-12-08,3401.00,0.62%,7.71%,1.080179059,,,,,0.39894228,0.418889394
2018-12-09,3531.18,3.83%,78.96%,2.202524419,,,,,0.39894228,0.418889394
2018-12-10,3410.15,-3.43%,-82.24%,0.439384604,,,,,0.39894228,0.418889394
2018-12-11,3349.36,-1.78%,-45.69%,0.633230442,,,,,0.39894228,0.418889394
2018-12-12,3430.24,2.41%,47.57%,1.609104838,,,,,0.39894228,0.418889394
2018-12-13,3265.00,-4.82%,-113.11%,0.322662789,,,,,0.39894228,0.418889394
2018-12-14,3195.71,-2.12%,-53.24%,0.587210736,,,,,0.39894228,0.418889394
2018-12-15,3183.00,-0.40%,-14.92%,0.861381363,,,,,0.39894228,0.418889394
2018-12-16,3195.00,0.38%,2.29%,1.02317808,,,,,0.39894228,0.418889394
2018-12-17,3496.82,9.45%,203.80%,7.67558504,,,,,0.39894228,0.418889394
2018-12-18,3667.77,4.89%,102.53%,2.788066747,,,,,0.39894228,0.418889394
2018-12-19,3682.51,0.40%,2.84%,1.028848959,,,,,0.39894228,0.418889394
2018-12-20,4075.34,10.67%,230.93%,10.06728465,,,,,0.39894228,0.418889394
2018-12-21,3839.06,-5.80%,-134.90%,0.259491575,,,,,0.39894228,0.418889394
2018-12-22,3980.46,3.68%,75.75%,2.132931935,,,,,0.39894228,0.418889394
2018-12-23,3944.93,-0.89%,-25.92%,0.771688182,,,,,0.39894228,0.418889394
2018-12-24,4034.00,2.26%,44.08%,1.553957775,,,,,0.39894228,0.418889394
2018-12-25,3780.00,-6.30%,-145.98%,0.232275691,,,,,0.39894228,0.418889394
2018-12-26,3809.88,0.79%,11.48%,1.121627644,,,,,0.39894228,0.418889394
2018-12-27,3589.89,-5.77%,-134.38%,0.260855855,,,,,0.39894228,0.418889394
2018-12-28,3888.06,8.31%,178.46%,5.957043816,,,,,0.39894228,0.418889394
2018-12-29,3729.31,-4.08%,-96.80%,0.379829629,,,,,0.39894228,0.418889394
2018-12-30,3829.00,2.67%,53.31%,1.704175399,,,,,0.39894228,0.418889394
2018-12-31,3691.86,-3.58%,-85.66%,0.424590798,,,,,0.39894228,0.418889394
2019-01-01,3826.10,3.64%,74.70%,2.110734122,,,,,0.39894228,0.418889394
2019-01-02,3890.79,1.69%,31.48%,1.369997527,,,,,0.39894228,0.418889394
2019-01-03,3787.57,-2.65%,-65.03%,0.521894058,,,,,0.39894228,0.418889394
2019-01-04,3820.25,0.86%,13.09%,1.139802578,,,,,0.39894228,0.418889394
2019-01-05,3798.62,-0.57%,-18.66%,0.829734149,,,,,0.39894228,0.418889394
2019-01-06,4040.99,6.38%,135.68%,3.883712334,,,,,0.39894228,0.418889394
2019-01-07,4006.01,-0.87%,-25.32%,0.776328149,,,,,0.39894228,0.418889394
2019-01-08,3993.86,-0.30%,-12.82%,0.879644114,,,,,0.39894228,0.418889394
2019-01-09,4004.12,0.26%,-0.38%,0.99623442,,,,,0.39894228,0.418889394
2019-01-10,3626.12,-9.44%,-215.83%,0.115517541,,,,,0.39894228,0.418889394
2019-01-11,3635.69,0.26%,-0.22%,0.997790409,,,,,0.39894228,0.418889394
2019-01-12,3619.41,-0.45%,-16.03%,0.851853262,,,,,0.39894228,0.418889394
2019-01-13,3514.24,-2.91%,-70.65%,0.49338929,,,,,0.39894228,0.418889394
2019-01-14,3664.19,4.27%,88.72%,2.428305554,,,,,0.39894228,0.418889394
2019-01-15,3580.76,-2.28%,-56.67%,0.567370561,,,,,0.39894228,0.418889394
2019-01-16,3609.71,0.81%,11.88%,1.126125224,,,,,0.39894228,0.418889394
2019-01-17,3640.65,0.86%,12.96%,1.138362574,,,,,0.39894228,0.418889394
2019-01-18,3607.85,-0.90%,-26.10%,0.770261673,,,,,0.39894228,0.418889394
2019-01-19,3682.65,2.07%,39.98%,1.491518557,,,,,0.39894228,0.418889394
2019-01-20,3536.19,-3.98%,-94.45%,0.388880143,,,,,0.39894228,0.418889394
2019-01-21,3531.76,-0.13%,-8.87%,0.915133801,,,,,0.39894228,0.418889394
2019-01-22,3577.03,1.28%,22.39%,1.251001897,,,,,0.39894228,0.418889394
2019-01-23,3553.01,-0.67%,-21.00%,0.81054457,,,,,0.39894228,0.418889394
2019-01-24,3568.97,0.45%,3.90%,1.039722529,,,,,0.39894228,0.418889394
2019-01-25,3562.17,-0.19%,-10.32%,0.901961306,,,,,0.39894228,0.418889394
2019-01-26,3556.07,-0.17%,-9.89%,0.905834794,,,,,0.39894228,0.418889394
2019-01-27,3531.02,-0.70%,-21.74%,0.804637174,,,,,0.39894228,0.418889394
2019-01-28,3429.95,-2.86%,-69.68%,0.498167355,,,,,0.39894228,0.418889394
2019-01-29,3397.42,-0.95%,-27.16%,0.762179952,,,,,0.39894228,0.418889394
2019-01-30,3437.55,1.18%,20.16%,1.223348166,,,,,0.39894228,0.418889394
2019-01-31,3411.50,-0.76%,-22.92%,0.795150765,,,,,0.39894228,0.418889394
2019-02-01,3437.50,0.76%,10.85%,1.114585268,,,,,0.39894228,0.418889394
2019-02-02,3468.43,0.90%,13.91%,1.149200968,,,,,0.39894228,0.418889394
2019-02-03,3414.78,-1.55%,-40.45%,0.667292011,,,,,0.39894228,0.418889394
2019-02-04,3409.57,-0.15%,-9.47%,0.909600547,,,,,0.39894228,0.418889394
2019-02-05,3428.40,0.55%,6.19%,1.063808051,,,,,0.39894228,0.418889394
2019-02-06,3367.36,-1.78%,-45.64%,0.633539647,,,,,0.39894228,0.418889394
2019-02-07,3359.00,-0.25%,-11.60%,0.890465096,,,,,0.39894228,0.418889394
2019-02-08,3621.99,7.83%,167.87%,5.358708699,,,,,0.39894228,0.418889394
2019-02-09,3623.73,0.05%,-5.02%,0.951061178,,,,,0.39894228,0.418889394
2019-02-10,3648.84,0.69%,9.31%,1.097580464,,,,,0.39894228,0.418889394
2019-02-11,3590.36,-1.60%,-41.69%,0.659056632,,,,,0.39894228,0.418889394
2019-02-12,3588.06,-0.06%,-7.51%,0.927665715,,,,,0.39894228,0.418889394
2019-02-13,3576.68,-0.32%,-13.13%,0.876937736,,,,,0.39894228,0.418889394
2019-02-14,3561.50,-0.42%,-15.51%,0.856287402,,,,,0.39894228,0.418889394
2019-02-15,3566.59,0.14%,-2.91%,0.971322625,,,,,0.39894228,0.418889394
2019-02-16,3582.37,0.44%,3.75%,1.038162723,,,,,0.39894228,0.418889394
2019-02-17,3625.08,1.19%,20.40%,1.226351818,,,,,0.39894228,0.418889394
2019-02-18,3867.00,6.67%,142.19%,4.144983556,,,,,0.39894228,0.418889394
2019-02-19,3888.01,0.54%,5.99%,1.061693815,,,,,0.39894228,0.418889394
2019-02-20,3938.99,1.31%,23.05%,1.259204228,,,,,0.39894228,0.418889394
2019-02-21,3897.71,-1.05%,-29.37%,0.745502794,,,,,0.39894228,0.418889394
2019-02-22,3942.02,1.14%,19.17%,1.211347507,,,,,0.39894228,0.418889394
2019-02-23,4110.00,4.26%,88.59%,2.425254609,,,,,0.39894228,0.418889394
2019-02-24,3734.22,-9.14%,-209.23%,0.123403319,,,,,0.39894228,0.418889394
2019-02-25,3818.79,2.26%,44.23%,1.556340287,,,,,0.39894228,0.418889394
2019-02-26,3799.48,-0.51%,-17.32%,0.840969548,,,,,0.39894228,0.418889394
2019-02-27,3799.91,0.01%,-5.83%,0.943332871,,,,,0.39894228,0.418889394
2019-02-28,3792.14,-0.20%,-10.63%,0.899170556,,,,,0.39894228,0.418889394
2019-03-01,3806.17,0.37%,2.14%,1.021581841,,,,,0.39894228,0.418889394
2019-03-02,3809.70,0.09%,-4.02%,0.960554748,,,,,0.39894228,0.418889394
2019-03-03,3786.93,-0.60%,-19.36%,0.823948821,,,,,0.39894228,0.418889394
2019-03-04,3700.72,-2.28%,-56.67%,0.567419394,,,,,0.39894228,0.418889394
2019-03-05,3844.59,3.89%,80.29%,2.232045375,,,,,0.39894228,0.418889394
2019-03-06,3851.89,0.19%,-1.87%,0.981510224,,,,,0.39894228,0.418889394
2019-03-07,3857.05,0.13%,-3.11%,0.969391492,,,,,0.39894228,0.418889394
2019-03-08,3843.12,-0.36%,-14.11%,0.868407657,,,,,0.39894228,0.418889394
2019-03-09,3917.00,1.92%,36.63%,1.442353142,,,,,0.39894228,0.418889394
2019-03-10,3900.93,-0.41%,-15.20%,0.858984298,,,,,0.39894228,0.418889394
2019-03-11,3849.68,-1.31%,-35.28%,0.702749978,,,,,0.39894228,0.418889394
2019-03-12,3860.00,0.27%,-0.13%,0.998712142,,,,,0.39894228,0.418889394
2019-03-13,3851.02,-0.23%,-11.25%,0.893561481,,,,,0.39894228,0.418889394
2019-03-14,3853.95,0.08%,-4.39%,0.957005651,,,,,0.39894228,0.418889394
2019-03-15,3902.80,1.27%,22.08%,1.247042768,,,,,0.39894228,0.418889394
2019-03-16,3990.00,2.23%,43.56%,1.545850965,,,,,0.39894228,0.418889394
2019-03-17,3967.01,-0.58%,-18.89%,0.827893178,,,,,0.39894228,0.418889394
2019-03-18,3970.50,0.09%,-4.13%,0.959537577,,,,,0.39894228,0.418889394
2019-03-19,4000.85,0.76%,10.90%,1.1151449,,,,,0.39894228,0.418889394
2019-03-20,4031.85,0.77%,11.13%,1.117736583,,,,,0.39894228,0.418889394
2019-03-21,3972.76,-1.47%,-38.65%,0.679444515,,,,,0.39894228,0.418889394
2019-03-22,3983.78,0.28%,0.08%,1.000781218,,,,,0.39894228,0.418889394
2019-03-23,3983.43,-0.01%,-6.28%,0.939128809,,,,,0.39894228,0.418889394
2019-03-24,3969.52,-0.35%,-13.84%,0.870718425,,,,,0.39894228,0.418889394
2019-03-25,3907.53,-1.56%,-40.78%,0.665095367,,,,,0.39894228,0.418889394
2019-03-26,3921.45,0.36%,1.83%,1.018467779,,,,,0.39894228,0.418889394
2019-03-27,4026.53,2.68%,53.45%,1.706627882,,,,,0.39894228,0.418889394
2019-03-28,4011.17,-0.38%,-14.56%,0.864497151,,,,,0.39894228,0.418889394
2019-03-29,4091.01,1.99%,38.14%,1.464325186,,,,,0.39894228,0.418889394
,,,,,,,,,0.39894228,0.418889394
,,,,,,,,,0.39894228,0.418889394
,,,,,,,,,0.39894228,0.418889394
,,,,,,,,,0.39894228,0.418889394
,,,,,,,,,0.39894228,0.418889394
,,,,,,,,,0.39894228,0.418889394
,,,,,,,,,0.39894228,0.418889394
,,,,,,,,,0.39894228,0.418889394
,,,,,,,,,0.39894228,0.418889394
,,,,,,,,,0.39894228,0.418889394
,,,,,,,,,0.39894228,0.418889394
,,,,,,,,,0.39894228,0.418889394
,,,,,,,,,0.39894228,0.418889394
,,,,,,,,,0.39894228,0.418889394
,,,,,,,,,0.39894228,0.418889394
,,,,,,,,,0.39894228,0.418889394
,,,,,,,,,0.39894228,0.418889394
,,,,,,,,,0.39894228,0.418889394
,,,,,,,,,0.39894228,0.418889394
,,,,,,,,,0.39894228,0.418889394
,,,,,,,,,0.39894228,0.418889394
,,,,,,,,,0.39894228,0.418889394
,,,,,,,,,0.39894228,0.418889394
,,,,,,,,,0.39894228,0.418889394
,,,,,,,,,0.39894228,0.418889394
,,,,,,,,,0.39894228,0.418889394
,,,,,,,,,0.39894228,0.418889394
,,,,,,,,,0.39894228,0.418889394
,,,,,,,,,0.39894228,0.418889394
,,,,,,,,,0.39894228,0.418889394
,,,,,,,,,0.39894228,0.418889394
,,,,,,,,,0.39894228,0.418889394
,,,,,,,,,0.39894228,0.418889394
,,,,,,,,,0.39894228,0.418889394
,,,,,,,,,0.39894228,0.418889394
,,,,,,,,,0.39894228,0.418889394
,,,,,,,,,0.39894228,0.418889394
,,,,,,,,,0.39894228,0.418889394
,,,,,,,,,0.39894228,0.418889394
,,,,,,,,,0.39894228,0.418889394
,,,,,,,,,0.39894228,0.418889394
,,,,,,,,,0.39894228,0.418889394
,,,,,,,,,0.39894228,0.418889394
,,,,,,,,,0.39894228,0.418889394
,,,,,,,,,0.39894228,0.418889394
,,,,,,,,,0.39894228,0.418889394
,,,,,,,,,0.39894228,0.418889394
,,,,,,,,,0.39894228,0.418889394
,,,,,,,,,0.39894228,0.418889394
,,,,,,,,,0.39894228,0.418889394
,,,,,,,,,0.39894228,0.418889394
,,,,,,,,,0.39894228,0.418889394
,,,,,,,,,0.39894228,0.418889394
,,,,,,,,,0.39894228,0.418889394
,,,,,,,,,0.39894228,0.418889394
,,,,,,,,,0.39894228,0.418889394
,,,,,,,,,0.39894228,0.418889394
,,,,,,,,,0.39894228,0.418889394
,,,,,,,,,0.39894228,0.418889394
,,,,,,,,,0.39894228,0.418889394
,,,,,,,,,0.39894228,0.418889394
,,,,,,,,,0.39894228,0.418889394
,,,,,,,,,0.39894228,0.418889394
,,,,,,,,,0.39894228,0.418889394
,,,,,,,,,0.39894228,0.418889394
,,,,,,,,,0.39894228,0.418889394
,,,,,,,,,0.39894228,0.418889394
,,,,,,,,,0.39894228,0.418889394
,,,,,,,,,0.39894228,0.418889394
,,,,,,,,,0.39894228,0.418889394
,,,,,,,,,0.39894228,0.418889394
,,,,,,,,,0.39894228,0.418889394
,,,,,,,,,0.39894228,0.418889394
,,,,,,,,,0.39894228,0.418889394
,,,,,,,,,0.39894228,0.418889394
,,,,,,,,,0.39894228,0.418889394
,,,,,,,,,0.39894228,0.418889394
,,,,,,,,,0.39894228,0.418889394
,,,,,,,,,0.39894228,0.418889394
,,,,,,,,,0.39894228,0.418889394
,,,,,,,,,0.39894228,0.418889394
,,,,,,,,,0.39894228,0.418889394
,,,,,,,,,0.39894228,0.418889394
,,,,,,,,,0.39894228,0.418889394
,,,,,,,,,0.39894228,0.418889394
,,,,,,,,,0.39894228,0.418889394
,,,,,,,,,0.39894228,0.418889394
,,,,,,,,,0.39894228,0.418889394
,,,,,,,,,0.39894228,0.418889394
,,,,,,,,,0.39894228,0.418889394
,,,,,,,,,0.39894228,0.418889394
,,,,,,,,,0.39894228,0.418889394
,,,,,,,,,0.39894228,0.418889394
,,,,,,,,,0.39894228,0.418889394
,,,,,,,,,0.39894228,0.418889394
,,,,,,,,,0.39894228,0.418889394
,,,,,,,,,0.39894228,0.418889394
,,,,,,,,,0.39894228,0.418889394
,,,,,,,,,0.39894228,0.418889394
,,,,,,,,,0.39894228,0.418889394
,,,,,,,,,0.39894228,0.418889394
,,,,,,,,,0.39894228,0.418889394
,,,,,,,,,0.39894228,0.418889394
,,,,,,,,,0.39894228,0.418889394
,,,,,,,,,0.39894228,0.418889394
,,,,,,,,,0.39894228,0.418889394
,,,,,,,,,0.39894228,0.418889394
,,,,,,,,,0.39894228,0.418889394
,,,,,,,,,0.39894228,0.418889394
,,,,,,,,,0.39894228,0.418889394
,,,,,,,,,0.39894228,0.418889394
,,,,,,,,,0.39894228,0.418889394
,,,,,,,,,0.39894228,0.418889394
,,,,,,,,,0.39894228,0.418889394
,,,,,,,,,0.39894228,0.418889394
,,,,,,,,,0.39894228,0.418889394
,,,,,,,,,0.39894228,0.418889394
,,,,,,,,,0.39894228,0.418889394
,,,,,,,,,0.39894228,0.418889394
,,,,,,,,,0.39894228,0.418889394
,,,,,,,,,0.39894228,0.418889394
,,,,,,,,,0.39894228,0.418889394
,,,,,,,,,0.39894228,0.418889394
,,,,,,,,,0.39894228,0.418889394
,,,,,,,,,0.39894228,0.418889394
,,,,,,,,,0.39894228,0.418889394
,,,,,,,,,0.39894228,0.418889394
,,,,,,,,,0.39894228,0.418889394
,,,,,,,,,0.39894228,0.418889394
,,,,,,,,,0.39894228,0.418889394
,,,,,,,,,0.39894228,0.418889394
,,,,,,,,,0.39894228,0.418889394
,,,,,,,,,0.39894228,0.418889394
,,,,,,,,,0.39894228,0.418889394
,,,,,,,,,0.39894228,0.418889394
,,,,,,,,,0.39894228,0.418889394
,,,,,,,,,0.39894228,0.418889394
,,,,,,,,,0.39894228,0.418889394
,,,,,,,,,0.39894228,0.418889394
,,,,,,,,,0.39894228,0.418889394
,,,,,,,,,0.39894228,0.418889394
,,,,,,,,,0.39894228,0.418889394
,,,,,,,,,0.39894228,0.418889394
,,,,,,,,,0.39894228,0.418889394
,,,,,,,,,0.39894228,0.418889394
,,,,,,,,,0.39894228,0.418889394
,,,,,,,,,0.39894228,0.418889394
,,,,,,,,,0.39894228,0.418889394
,,,,,,,,,0.39894228,0.418889394
,,,,,,,,,0.39894228,0.418889394
,,,,,,,,,0.39894228,0.418889394
,,,,,,,,,0.39894228,0.418889394
,,,,,,,,,0.39894228,0.418889394
,,,,,,,,,0.39894228,0.418889394
,,,,,,,,,0.39894228,0.418889394
,,,,,,,,,0.39894228,0.418889394
,,,,,,,,,0.39894228,0.418889394
,,,,,,,,,0.39894228,0.418889394
,,,,,,,,,0.39894228,0.418889394
,,,,,,,,,0.39894228,0.418889394
,,,,,,,,,0.39894228,0.418889394
,,,,,,,,,0.39894228,0.418889394
,,,,,,,,,0.39894228,0.418889394
,,,,,,,,,0.39894228,0.418889394
,,,,,,,,,0.39894228,0.418889394
,,,,,,,,,0.39894228,0.418889394
,,,,,,,,,0.39894228,0.418889394
,,,,,,,,,0.39894228,0.418889394
,,,,,,,,,0.39894228,0.418889394
,,,,,,,,,0.39894228,0.418889394
,,,,,,,,,0.39894228,0.418889394
,,,,,,,,,0.39894228,0.418889394
,,,,,,,,,0.39894228,0.418889394
,,,,,,,,,0.39894228,0.418889394
,,,,,,,,,0.39894228,0.418889394
,,,,,,,,,0.39894228,0.418889394
,,,,,,,,,0.39894228,0.418889394
,,,,,,,,,0.39894228,0.418889394
,,,,,,,,,0.39894228,0.418889394
,,,,,,,,,0.39894228,0.418889394
,,,,,,,,,0.39894228,0.418889394
,,,,,,,,,0.39894228,0.418889394
,,,,,,,,,0.39894228,0.418889394
,,,,,,,,,0.39894228,0.418889394
,,,,,,,,,0.39894228,0.418889394
,,,,,,,,,0.39894228,0.418889394
,,,,,,,,,0.39894228,0.418889394
,,,,,,,,,0.39894228,0.418889394
,,,,,,,,,0.39894228,0.418889394
,,,,,,,,,0.39894228,0.418889394
,,,,,,,,,0.39894228,0.418889394
,,,,,,,,,0.39894228,0.418889394
,,,,,,,,,0.39894228,0.418889394
,,,,,,,,,0.39894228,0.418889394
,,,,,,,,,0.39894228,0.418889394
,,,,,,,,,0.39894228,0.418889394
,,,,,,,,,0.39894228,
,,,,,,,,,0.39894228,
,,,,,,,,,0.39894228,
,,,,,,,,,0.39894228,
,,,,,,,,,0.39894228,
,,,,,,,,,0.39894228,
,,,,,,,,,0.39894228,
,,,,,,,,,0.39894228,
,,,,,,,,,0.39894228,
,,,,,,,,,0.39894228,
,,,,,,,,,0.39894228,
,,,,,,,,,0.39894228,
,,,,,,,,,0.39894228,
,,,,,,,,,0.39894228,
,,,,,,,,,0.39894228,
,,,,,,,,,0.39894228,
,,,,,,,,,0.39894228,
,,,,,,,,,0.39894228,
,,,,,,,,,0.39894228,
,,,,,,,,,0.39894228,
,,,,,,,,,0.39894228,
,,,,,,,,,0.39894228,
,,,,,,,,,0.39894228,
,,,,,,,,,0.39894228,
,,,,,,,,,0.39894228,
,,,,,,,,,0.39894228,
,,,,,,,,,0.39894228,
,,,,,,,,,0.39894228,
,,,,,,,,,0.39894228,
,,,,,,,,,0.39894228,
,,,,,,,,,0.39894228,
,,,,,,,,,0.39894228,
,,,,,,,,,0.39894228,
,,,,,,,,,0.39894228,
,,,,,,,,,0.39894228,
,,,,,,,,,0.39894228,
,,,,,,,,,0.39894228,
,,,,,,,,,0.39894228,
,,,,,,,,,0.39894228,
,,,,,,,,,0.39894228,
,,,,,,,,,0.39894228,
,,,,,,,,,0.39894228,
,,,,,,,,,0.39894228,
,,,,,,,,,0.39894228,
,,,,,,,,,0.39894228,
,,,,,,,,,0.39894228,
,,,,,,,,,0.39894228,
,,,,,,,,,0.39894228,
,,,,,,,,,0.39894228,
,,,,,,,,,0.39894228,
,,,,,,,,,0.39894228,
,,,,,,,,,0.39894228,
,,,,,,,,,0.39894228,
,,,,,,,,,0.39894228,
,,,,,,,,,0.39894228,
,,,,,,,,,0.39894228,
,,,,,,,,,0.39894228,
,,,,,,,,,0.39894228,
,,,,,,,,,0.39894228,
,,,,,,,,,0.39894228,
,,,,,,,,,0.39894228,
,,,,,,,,,0.39894228,
,,,,,,,,,0.39894228,
,,,,,,,,,0.39894228,
,,,,,,,,,0.39894228,
,,,,,,,,,0.39894228,
,,,,,,,,,0.39894228,
,,,,,,,,,0.39894228,
,,,,,,,,,0.39894228,
,,,,,,,,,0.39894228,
,,,,,,,,,0.39894228,
,,,,,,,,,0.39894228,
,,,,,,,,,0.39894228,
,,,,,,,,,0.39894228,
,,,,,,,,,0.39894228,
,,,,,,,,,0.39894228,
,,,,,,,,,0.39894228,
,,,,,,,,,0.39894228,
,,,,,,,,,0.39894228,
,,,,,,,,,0.39894228,
,,,,,,,,,0.39894228,
,,,,,,,,,0.39894228,
,,,,,,,,,0.39894228,
,,,,,,,,,0.39894228,
,,,,,,,,,0.39894228,
,,,,,,,,,0.39894228,
,,,,,,,,,0.39894228,
,,,,,,,,,0.39894228,
,,,,,,,,,0.39894228,
,,,,,,,,,0.39894228,
,,,,,,,,,0.39894228,
,,,,,,,,,0.39894228,
,,,,,,,,,0.39894228,
,,,,,,,,,0.39894228,
,,,,,,,,,0.39894228,
,,,,,,,,,0.39894228,
,,,,,,,,,0.39894228,
,,,,,,,,,0.39894228,
,,,,,,,,,0.39894228,
,,,,,,,,,0.39894228,
,,,,,,,,,0.39894228,
,,,,,,,,,0.39894228,
,,,,,,,,,0.39894228,
,,,,,,,,,0.39894228,
,,,,,,,,,0.39894228,
,,,,,,,,,0.39894228,
,,,,,,,,,0.39894228,
,,,,,,,,,0.39894228,
,,,,,,,,,0.39894228,
,,,,,,,,,0.39894228,
,,,,,,,,,0.39894228,
,,,,,,,,,0.39894228,
,,,,,,,,,0.39894228,
,,,,,,,,,0.39894228,
,,,,,,,,,0.39894228,
,,,,,,,,,0.39894228,
,,,,,,,,,0.39894228,
,,,,,,,,,0.39894228,
,,,,,,,,,0.39894228,
,,,,,,,,,0.39894228,
,,,,,,,,,0.39894228,
,,,,,,,,,0.39894228,
,,,,,,,,,0.39894228,
,,,,,,,,,0.39894228,
,,,,,,,,,0.39894228,
,,,,,,,,,0.39894228,
,,,,,,,,,0.39894228,
,,,,,,,,,0.39894228,
,,,,,,,,,0.39894228,
,,,,,,,,,0.39894228,
,,,,,,,,,0.39894228,
,,,,,,,,,0.39894228,
,,,,,,,,,0.39894228,
,,,,,,,,,0.39894228,
,,,,,,,,,0.39894228,
,,,,,,,,,0.39894228,
,,,,,,,,,0.39894228,
,,,,,,,,,0.39894228,
,,,,,,,,,0.39894228,
,,,,,,,,,0.39894228,
,,,,,,,,,0.39894228,
,,,,,,,,,0.39894228,
,,,,,,,,,0.39894228,
,,,,,,,,,0.39894228,
,,,,,,,,,0.39894228,
,,,,,,,,,0.39894228,
,,,,,,,,,0.39894228,
,,,,,,,,,0.39894228,
,,,,,,,,,0.39894228,
,,,,,,,,,0.39894228,
,,,,,,,,,0.39894228,
,,,,,,,,,0.39894228,
,,,,,,,,,0.39894228,
,,,,,,,,,0.39894228,
,,,,,,,,,0.39894228,
,,,,,,,,,0.39894228,
,,,,,,,,,0.39894228,
,,,,,,,,,0.39894228,
,,,,,,,,,0.39894228,
,,,,,,,,,0.39894228,
,,,,,,,,,0.39894228,
,,,,,,,,,0.39894228,
,,,,,,,,,0.39894228,
,,,,,,,,,0.39894228,
,,,,,,,,,0.39894228,
,,,,,,,,,0.39894228,
,,,,,,,,,0.39894228,
,,,,,,,,,0.39894228,
,,,,,,,,,0.39894228,
,,,,,,,,,0.39894228,
,,,,,,,,,0.39894228,
,,,,,,,,,0.39894228,
,,,,,,,,,0.39894228,
,,,,,,,,,0.39894228,
,,,,,,,,,0.39894228,
,,,,,,,,,0.39894228,
,,,,,,,,,0.39894228,
,,,,,,,,,0.39894228,
,,,,,,,,,0.39894228,
,,,,,,,,,0.39894228,
,,,,,,,,,0.39894228,
,,,,,,,,,0.39894228,
,,,,,,,,,0.39894228,
,,,,,,,,,0.39894228,
,,,,,,,,,0.39894228,
,,,,,,,,,0.39894228,
,,,,,,,,,0.39894228,
,,,,,,,,,0.39894228,
,,,,,,,,,0.39894228,
,,,,,,,,,0.39894228,
,,,,,,,,,0.39894228,
,,,,,,,,,0.39894228,
,,,,,,,,,0.39894228,
,,,,,,,,,0.39894228,
,,,,,,,,,0.39894228,
,,,,,,,,,0.39894228,
,,,,,,,,,0.39894228,
,,,,,,,,,0.39894228,
,,,,,,,,,0.39894228,
,,,,,,,,,0.39894228,
,,,,,,,,,0.39894228,
,,,,,,,,,0.39894228,
,,,,,,,,,0.39894228,
,,,,,,,,,0.39894228,
,,,,,,,,,0.39894228,
,,,,,,,,,0.39894228,
,,,,,,,,,0.39894228,
,,,,,,,,,0.39894228,
,,,,,,,,,0.39894228,
,,,,,,,,,0.39894228,
,,,,,,,,,0.39894228,
,,,,,,,,,0.39894228,
,,,,,,,,,0.39894228,
,,,,,,,,,0.39894228,
,,,,,,,,,0.39894228,
,,,,,,,,,0.39894228,
,,,,,,,,,0.39894228,
,,,,,,,,,0.39894228,
,,,,,,,,,0.39894228,
,,,,,,,,,0.39894228,
,,,,,,,,,0.39894228,
,,,,,,,,,0.39894228,
,,,,,,,,,0.39894228,
,,,,,,,,,0.39894228,
,,,,,,,,,0.39894228,
,,,,,,,,,0.39894228,
,,,,,,,,,0.39894228,
,,,,,,,,,0.39894228,
,,,,,,,,,0.39894228,
,,,,,,,,,0.39894228,
,,,,,,,,,0.39894228,
,,,,,,,,,0.39894228,
,,,,,,,,,0.39894228,
,,,,,,,,,0.39894228,
,,,,,,,,,0.39894228,
,,,,,,,,,0.39894228,
,,,,,,,,,0.39894228,
,,,,,,,,,0.39894228,
,,,,,,,,,0.39894228,
,,,,,,,,,0.39894228,
,,,,,,,,,0.39894228,
,,,,,,,,,0.39894228,
,,,,,,,,,0.39894228,
,,,,,,,,,0.39894228,
,,,,,,,,,0.39894228,
,,,,,,,,,0.39894228,
,,,,,,,,,0.39894228,
,,,,,,,,,0.39894228,
,,,,,,,,,0.39894228,
,,,,,,,,,0.39894228,
,,,,,,,,,0.39894228,
,,,,,,,,,0.39894228,
,,,,,,,,,0.39894228,
,,,,,,,,,0.39894228,
,,,,,,,,,0.39894228,
,,,,,,,,,0.39894228,
,,,,,,,,,0.39894228,
,,,,,,,,,0.39894228,
,,,,,,,,,0.39894228,
,,,,,,,,,0.39894228,
,,,,,,,,,0.39894228,
,,,,,,,,,0.39894228,
,,,,,,,,,0.39894228,
,,,,,,,,,0.39894228,
,,,,,,,,,0.39894228,
,,,,,,,,,0.39894228,
,,,,,,,,,0.39894228,
,,,,,,,,,0.39894228,
,,,,,,,,,0.39894228,
,,,,,,,,,0.39894228,
,,,,,,,,,0.39894228,
,,,,,,,,,0.39894228,
,,,,,,,,,0.39894228,
,,,,,,,,,0.39894228,
,,,,,,,,,0.39894228,
,,,,,,,,,0.39894228,
,,,,,,,,,0.39894228,
,,,,,,,,,0.39894228,
,,,,,,,,,0.39894228,
,,,,,,,,,0.39894228,
,,,,,,,,,0.39894228,
,,,,,,,,,0.39894228,
,,,,,,,,,0.39894228,
,,,,,,,,,0.39894228,
,,,,,,,,,0.39894228,
,,,,,,,,,0.39894228,
,,,,,,,,,0.39894228,
,,,,,,,,,0.39894228,
,,,,,,,,,0.39894228,
,,,,,,,,,0.39894228,
,,,,,,,,,0.39894228,
,,,,,,,,,0.39894228,
,,,,,,,,,0.39894228,
,,,,,,,,,0.39894228,
,,,,,,,,,0.39894228,
,,,,,,,,,0.39894228,
,,,,,,,,,0.39894228,
,,,,,,,,,0.39894228,
,,,,,,,,,0.39894228,
,,,,,,,,,0.39894228,
,,,,,,,,,0.39894228,
,,,,,,,,,0.39894228,
,,,,,,,,,0.39894228,
,,,,,,,,,0.39894228,
,,,,,,,,,0.39894228,
,,,,,,,,,0.39894228,
,,,,,,,,,0.39894228,
,,,,,,,,,0.39894228,
,,,,,,,,,0.39894228,
,,,,,,,,,0.39894228,
,,,,,,,,,0.39894228,
,,,,,,,,,0.39894228,
,,,,,,,,,0.39894228,
,,,,,,,,,0.39894228,
,,,,,,,,,0.39894228,
,,,,,,,,,0.39894228,
,,,,,,,,,0.39894228,
,,,,,,,,,0.39894228,
,,,,,,,,,0.39894228,
,,,,,,,,,0.39894228,
,,,,,,,,,0.39894228,
,,,,,,,,,0.39894228,
,,,,,,,,,0.39894228,
,,,,,,,,,0.39894228,
,,,,,,,,,0.39894228,
,,,,,,,,,0.39894228,
,,,,,,,,,0.39894228,
,,,,,,,,,0.39894228,
,,,,,,,,,0.39894228,
,,,,,,,,,0.39894228,
,,,,,,,,,0.39894228,
,,,,,,,,,0.39894228,
,,,,,,,,,0.39894228,
,,,,,,,,,0.39894228,
,,,,,,,,,0.39894228,
,,,,,,,,,0.39894228,
,,,,,,,,,0.39894228,
,,,,,,,,,0.39894228,
,,,,,,,,,0.39894228,
,,,,,,,,,0.39894228,
,,,,,,,,,0.39894228,
,,,,,,,,,0.39894228,
,,,,,,,,,0.39894228,
,,,,,,,,,0.39894228,
,,,,,,,,,0.39894228,
,,,,,,,,,0.39894228,
,,,,,,,,,0.39894228,
,,,,,,,,,0.39894228,
,,,,,,,,,0.39894228,
,,,,,,,,,0.39894228,
,,,,,,,,,0.39894228,
,,,,,,,,,0.39894228,
,,,,,,,,,0.39894228,
,,,,,,,,,0.39894228,
,,,,,,,,,0.39894228,
,,,,,,,,,0.39894228,
,,,,,,,,,0.39894228,
,,,,,,,,,0.39894228,
,,,,,,,,,0.39894228,
,,,,,,,,,0.39894228,
,,,,,,,,,0.39894228,
,,,,,,,,,0.39894228,
,,,,,,,,,0.39894228,
,,,,,,,,,0.39894228,
,,,,,,,,,0.39894228,
,,,,,,,,,0.39894228,
,,,,,,,,,0.39894228,
,,,,,,,,,0.39894228,
,,,,,,,,,0.39894228,
,,,,,,,,,0.39894228,
,,,,,,,,,0.39894228,
,,,,,,,,,0.39894228,
,,,,,,,,,0.39894228,
,,,,,,,,,0.39894228,
,,,,,,,,,0.39894228,
,,,,,,,,,0.39894228,
,,,,,,,,,0.39894228,
,,,,,,,,,0.39894228,
,,,,,,,,,0.39894228,
,,,,,,,,,0.39894228,
,,,,,,,,,0.39894228,
,,,,,,,,,0.39894228,
,,,,,,,,,0.39894228,
,,,,,,,,,0.39894228,
,,,,,,,,,0.39894228,
,,,,,,,,,0.39894228,
,,,,,,,,,0.39894228,
,,,,,,,,,0.39894228,
,,,,,,,,,0.39894228,
,,,,,,,,,0.39894228,
,,,,,,,,,0.39894228,
,,,,,,,,,0.39894228,
,,,,,,,,,0.39894228,
,,,,,,,,,0.39894228,
,,,,,,,,,0.39894228,
,,,,,,,,,0.39894228,
,,,,,,,,,0.39894228,
,,,,,,,,,0.39894228,
,,,,,,,,,0.39894228,
,,,,,,,,,0.39894228,
,,,,,,,,,0.39894228,
,,,,,,,,,0.39894228,
,,,,,,,,,0.39894228,
,,,,,,,,,0.39894228,
,,,,,,,,,0.39894228,
,,,,,,,,,0.39894228,
,,,,,,,,,0.39894228,
,,,,,,,,,0.39894228,
,,,,,,,,,0.39894228,
,,,,,,,,,0.39894228,
,,,,,,,,,0.39894228,
,,,,,,,,,0.39894228,
,,,,,,,,,0.39894228,
,,,,,,,,,0.39894228,
,,,,,,,,,0.39894228,
,,,,,,,,,0.39894228,
,,,,,,,,,0.39894228,
,,,,,,,,,0.39894228,
,,,,,,,,,0.39894228,
,,,,,,,,,0.39894228,
,,,,,,,,,0.39894228,
,,,,,,,,,0.39894228,
,,,,,,,,,0.39894228,
,,,,,,,,,0.39894228,
,,,,,,,,,0.39894228,
,,,,,,,,,0.39894228,
,,,,,,,,,0.39894228,
,,,,,,,,,0.39894228,
,,,,,,,,,0.39894228,
,,,,,,,,,0.39894228,
,,,,,,,,,0.39894228,
,,,,,,,,,0.39894228,
,,,,,,,,,0.39894228,
,,,,,,,,,0.39894228,
,,,,,,,,,0.39894228,
,,,,,,,,,0.39894228,
,,,,,,,,,0.39894228,
,,,,,,,,,0.39894228,
,,,,,,,,,0.39894228,
,,,,,,,,,0.39894228,
,,,,,,,,,0.39894228,
,,,,,,,,,0.39894228,
,,,,,,,,,0.39894228,
,,,,,,,,,0.39894228,
,,,,,,,,,0.39894228,
,,,,,,,,,0.39894228,
,,,,,,,,,0.39894228,
,,,,,,,,,0.39894228,
,,,,,,,,,0.39894228,
,,,,,,,,,0.39894228,
,,,,,,,,,0.39894228,
,,,,,,,,,0.39894228,
,,,,,,,,,0.39894228,
,,,,,,,,,0.39894228,
,,,,,,,,,0.39894228,
,,,,,,,,,0.39894228,
,,,,,,,,,0.39894228,
,,,,,,,,,0.39894228,
,,,,,,,,,0.39894228,
,,,,,,,,,0.39894228,
,,,,,,,,,0.39894228,
,,,,,,,,,0.39894228,
,,,,,,,,,0.39894228,
,,,,,,,,,0.39894228,
,,,,,,,,,0.39894228,
,,,,,,,,,0.39894228,
,,,,,,,,,0.39894228,
,,,,,,,,,0.39894228,
,,,,,,,,,0.39894228,
,,,,,,,,,0.39894228,
,,,,,,,,,0.39894228,
,,,,,,,,,0.39894228,
,,,,,,,,,0.39894228,
,,,,,,,,,0.39894228,
,,,,,,,,,0.39894228,
,,,,,,,,,0.39894228,
,,,,,,,,,0.39894228,
,,,,,,,,,0.39894228,
,,,,,,,,,0.39894228,
,,,,,,,,,0.39894228,
,,,,,,,,,0.39894228,
,,,,,,,,,0.39894228,
,,,,,,,,,0.39894228,
,,,,,,,,,0.39894228,
,,,,,,,,,0.39894228,
,,,,,,,,,0.39894228,
,,,,,,,,,0.39894228,
,,,,,,,,,0.39894228,
,,,,,,,,,0.39894228,
,,,,,,,,,0.39894228,
,,,,,,,,,0.39894228,
,,,,,,,,,0.39894228,
,,,,,,,,,0.39894228,
,,,,,,,,,0.39894228,
,,,,,,,,,0.39894228,
,,,,,,,,,0.39894228,
,,,,,,,,,0.39894228,
,,,,,,,,,0.39894228,
,,,,,,,,,0.39894228,
,,,,,,,,,0.39894228,
,,,,,,,,,0.39894228,
,,,,,,,,,0.39894228,
,,,,,,,,,0.39894228,
,,,,,,,,,0.39894228,
,,,,,,,,,0.39894228,
,,,,,,,,,0.39894228,
,,,,,,,,,0.39894228,
,,,,,,,,,0.39894228,
,,,,,,,,,0.39894228,
,,,,,,,,,0.39894228,
,,,,,,,,,0.39894228,
,,,,,,,,,0.39894228,
,,,,,,,,,0.39894228,
,,,,,,,,,0.39894228,
,,,,,,,,,0.39894228,
,,,,,,,,,0.39894228,
,,,,,,,,,0.39894228,
,,,,,,,,,0.39894228,
,,,,,,,,,0.39894228,
,,,,,,,,,0.39894228,
,,,,,,,,,0.39894228,
,,,,,,,,,0.39894228,
,,,,,,,,,0.39894228,
,,,,,,,,,0.39894228,
,,,,,,,,,0.39894228,
,,,,,,,,,0.39894228,
,,,,,,,,,0.39894228,
,,,,,,,,,0.39894228,
,,,,,,,,,0.39894228,
,,,,,,,,,0.39894228,
,,,,,,,,,0.39894228,
,,,,,,,,,0.39894228,
,,,,,,,,,0.39894228,
,,,,,,,,,0.39894228,
,,,,,,,,,0.39894228,
,,,,,,,,,0.39894228,
,,,,,,,,,0.39894228,
,,,,,,,,,0.39894228,
,,,,,,,,,0.39894228,
,,,,,,,,,0.39894228,
,,,,,,,,,0.39894228,
,,,,,,,,,0.39894228,
,,,,,,,,,0.39894228,
,,,,,,,,,0.39894228,
,,,,,,,,,0.39894228,
,,,,,,,,,0.39894228,
,,,,,,,,,0.39894228,
,,,,,,,,,0.39894228,
,,,,,,,,,0.39894228,
,,,,,,,,,0.39894228,
,,,,,,,,,0.39894228,
,,,,,,,,,0.39894228,
,,,,,,,,,0.39894228,
,,,,,,,,,0.39894228,
,,,,,,,,,0.39894228,
,,,,,,,,,0.39894228,
,,,,,,,,,0.39894228,
,,,,,,,,,0.39894228,
,,,,,,,,,0.39894228,
,,,,,,,,,0.39894228,
,,,,,,,,,0.39894228,
,,,,,,,,,0.39894228,
,,,,,,,,,0.39894228,
,,,,,,,,,0.39894228,
,,,,,,,,,0.39894228,
,,,,,,,,,0.39894228,
,,,,,,,,,0.39894228,
,,,,,,,,,0.39894228,
,,,,,,,,,0.39894228,
,,,,,,,,,0.39894228,
,,,,,,,,,0.39894228,
,,,,,,,,,0.39894228,
,,,,,,,,,0.39894228,
,,,,,,,,,0.39894228,
,,,,,,,,,0.39894228,
,,,,,,,,,0.39894228,
,,,,,,,,,0.39894228,
,,,,,,,,,0.39894228,
,,,,,,,,,0.39894228,
,,,,,,,,,0.39894228,
,,,,,,,,,0.39894228,
,,,,,,,,,0.39894228,
,,,,,,,,,0.39894228,
,,,,,,,,,0.39894228,
,,,,,,,,,0.39894228,
,,,,,,,,,0.39894228,
,,,,,,,,,0.39894228,
,,,,,,,,,0.39894228,
,,,,,,,,,0.39894228,
,,,,,,,,,0.39894228,
,,,,,,,,,0.39894228,
,,,,,,,,,0.39894228,
,,,,,,,,,0.39894228,
,,,,,,,,,0.39894228,
,,,,,,,,,0.39894228,
,,,,,,,,,0.39894228,
,,,,,,,,,0.39894228,
,,,,,,,,,0.39894228,
,,,,,,,,,0.39894228,
,,,,,,,,,0.39894228,
,,,,,,,,,0.39894228,
,,,,,,,,,0.39894228,
,,,,,,,,,0.39894228,
,,,,,,,,,0.39894228,
,,,,,,,,,0.39894228,
,,,,,,,,,0.39894228,
,,,,,,,,,0.39894228,
,,,,,,,,,0.39894228,
,,,,,,,,,0.39894228,
,,,,,,,,,0.39894228,
,,,,,,,,,0.39894228,
,,,,,,,,,0.39894228,
,,,,,,,,,0.39894228,
,,,,,,,,,0.39894228,
,,,,,,,,,0.39894228,
,,,,,,,,,0.39894228,
,,,,,,,,,0.39894228,
,,,,,,,,,0.39894228,
,,,,,,,,,0.39894228,
,,,,,,,,,0.39894228,
,,,,,,,,,0.39894228,
,,,,,,,,,0.39894228,
,,,,,,,,,0.39894228,
,,,,,,,,,0.39894228,
,,,,,,,,,0.39894228,
,,,,,,,,,0.39894228,
,,,,,,,,,0.39894228,
,,,,,,,,,0.39894228,
,,,,,,,,,0.39894228,
,,,,,,,,,0.39894228,
,,,,,,,,,0.39894228,
,,,,,,,,,0.39894228,
,,,,,,,,,0.39894228,
,,,,,,,,,0.39894228,
,,,,,,,,,0.39894228,
,,,,,,,,,0.39894228,
,,,,,,,,,0.39894228,
,,,,,,,,,0.39894228,
,,,,,,,,,0.39894228,
,,,,,,,,,0.39894228,
,,,,,,,,,0.39894228,
,,,,,,,,,0.39894228,
,,,,,,,,,0.39894228,
,,,,,,,,,0.39894228,
,,,,,,,,,0.39894228,
,,,,,,,,,0.39894228,
,,,,,,,,,0.39894228,
,,,,,,,,,0.39894228,
,,,,,,,,,0.39894228,
,,,,,,,,,0.39894228,
,,,,,,,,,0.39894228,
,,,,,,,,,0.39894228,
,,,,,,,,,0.39894228,
,,,,,,,,,0.39894228,
,,,,,,,,,0.39894228,
,,,,,,,,,0.39894228,
,,,,,,,,,0.39894228,
,,,,,,,,,0.39894228,